wall_time_iso,elapsed_s,checkpoint_index,target_k,actual_temp_k,temp_error_k,setpoint_readback_k,voltage_mean_v,voltage_std_v,voltage_samples,in_range,hold_elapsed_s,phase
2026-06-17T14:15:42,2.187,1,295.00000,296.26080,1.26080,295.00000,-0.03956063,0,-0.03956063,0,0.000,waiting
2026-06-17T14:15:45,4.718,1,295.00000,296.26170,1.26170,295.00000,-0.0395611,0,-0.0395611,0,0.000,waiting
2026-06-17T14:15:48,7.250,1,295.00000,296.26080,1.26080,295.00000,-0.03956162,0,-0.03956162,0,0.000,waiting
2026-06-17T14:15:50,9.781,1,295.00000,296.26080,1.26080,295.00000,-0.03956191,0,-0.03956191,0,0.000,waiting
2026-06-17T14:15:53,12.312,1,295.00000,296.26170,1.26170,295.00000,-0.03956186,0,-0.03956186,0,0.000,waiting
2026-06-17T14:15:55,14.843,1,295.00000,296.26130,1.26130,295.00000,-0.03956196,0,-0.03956196,0,0.000,waiting
2026-06-17T14:15:58,17.375,1,295.00000,296.26130,1.26130,295.00000,-0.0395623,0,-0.0395623,0,0.000,waiting
2026-06-17T14:16:00,19.890,1,295.00000,296.26130,1.26130,295.00000,-0.03956176,0,-0.03956176,0,0.000,waiting
2026-06-17T14:16:03,22.421,1,295.00000,296.26210,1.26210,295.00000,-0.03956245,0,-0.03956245,0,0.000,waiting
2026-06-17T14:16:05,24.953,1,295.00000,296.26300,1.26300,295.00000,-0.03956292,0,-0.03956292,0,0.000,waiting
2026-06-17T14:16:08,27.484,1,295.00000,296.26350,1.26350,295.00000,-0.03956276,0,-0.03956276,0,0.000,waiting
2026-06-17T14:16:10,30.015,1,295.00000,296.26260,1.26260,295.00000,-0.039563,0,-0.039563,0,0.000,waiting
2026-06-17T14:16:13,32.531,1,295.00000,296.26300,1.26300,295.00000,-0.039563,0,-0.039563,0,0.000,waiting
2026-06-17T14:16:15,35.062,1,295.00000,296.26350,1.26350,295.00000,-0.03956346,0,-0.03956346,0,0.000,waiting
2026-06-17T14:16:18,37.593,1,295.00000,296.26390,1.26390,295.00000,-0.03956337,0,-0.03956337,0,0.000,waiting
2026-06-17T14:16:20,40.125,1,295.00000,296.26480,1.26480,295.00000,-0.03956353,0,-0.03956353,0,0.000,waiting
2026-06-17T14:16:23,42.656,1,295.00000,296.26520,1.26520,295.00000,-0.03956411,0,-0.03956411,0,0.000,waiting
2026-06-17T14:16:25,45.171,1,295.00000,296.26570,1.26570,295.00000,-0.03956418,0,-0.03956418,0,0.000,waiting
2026-06-17T14:16:28,47.703,1,295.00000,296.26520,1.26520,295.00000,-0.03956451,0,-0.03956451,0,0.000,waiting
2026-06-17T14:16:31,50.234,1,295.00000,296.26610,1.26610,295.00000,-0.03956454,0,-0.03956454,0,0.000,waiting
2026-06-17T14:16:33,52.765,1,295.00000,296.26700,1.26700,295.00000,-0.03956498,0,-0.03956498,0,0.000,waiting
2026-06-17T14:16:36,55.296,1,295.00000,296.26660,1.26660,295.00000,-0.03956534,0,-0.03956534,0,0.000,waiting
2026-06-17T14:16:38,57.828,1,295.00000,296.26660,1.26660,295.00000,-0.03956472,0,-0.03956472,0,0.000,waiting
2026-06-17T14:16:41,60.343,1,295.00000,296.26610,1.26610,295.00000,-0.03956488,0,-0.03956488,0,0.000,waiting
2026-06-17T14:16:43,62.875,1,295.00000,296.26740,1.26740,295.00000,-0.03956528,0,-0.03956528,0,0.000,waiting
2026-06-17T14:16:46,65.468,1,295.00000,296.26790,1.26790,295.00000,-0.03956484,0,-0.03956484,0,0.000,waiting
2026-06-17T14:16:48,68.000,1,295.00000,296.26740,1.26740,295.00000,-0.03956519,0,-0.03956519,0,0.000,waiting
2026-06-17T14:16:51,70.578,1,295.00000,296.26830,1.26830,295.00000,-0.0395655,0,-0.0395655,0,0.000,waiting
2026-06-17T14:16:53,73.109,1,295.00000,296.26830,1.26830,295.00000,-0.03956529,0,-0.03956529,0,0.000,waiting
2026-06-17T14:16:56,75.625,1,295.00000,296.27050,1.27050,295.00000,-0.03956544,0,-0.03956544,0,0.000,waiting
2026-06-17T14:16:58,78.156,1,295.00000,296.27010,1.27010,295.00000,-0.03956572,0,-0.03956572,0,0.000,waiting
2026-06-17T14:17:01,80.687,1,295.00000,296.26960,1.26960,295.00000,-0.03956598,0,-0.03956598,0,0.000,waiting
2026-06-17T14:17:03,83.218,1,295.00000,296.26960,1.26960,295.00000,-0.03956647,0,-0.03956647,0,0.000,waiting
2026-06-17T14:17:06,85.750,1,295.00000,296.27010,1.27010,295.00000,-0.03956628,0,-0.03956628,0,0.000,waiting
2026-06-17T14:17:09,88.281,1,295.00000,296.27100,1.27100,295.00000,-0.03956649,0,-0.03956649,0,0.000,waiting
2026-06-17T14:17:11,90.796,1,295.00000,296.27100,1.27100,295.00000,-0.03956632,0,-0.03956632,0,0.000,waiting
2026-06-17T14:17:14,93.328,1,295.00000,296.27230,1.27230,295.00000,-0.03956654,0,-0.03956654,0,0.000,waiting
2026-06-17T14:17:16,95.859,1,295.00000,296.27230,1.27230,295.00000,-0.03956684,0,-0.03956684,0,0.000,waiting
2026-06-17T14:17:19,98.390,1,295.00000,296.27320,1.27320,295.00000,-0.03956711,0,-0.03956711,0,0.000,waiting
2026-06-17T14:17:21,100.921,1,295.00000,296.27320,1.27320,295.00000,-0.03956729,0,-0.03956729,0,0.000,waiting
2026-06-17T14:17:24,103.500,1,295.00000,296.27270,1.27270,295.00000,-0.03956725,0,-0.03956725,0,0.000,waiting
2026-06-17T14:17:26,106.109,1,295.00000,296.27410,1.27410,295.00000,-0.03956735,0,-0.03956735,0,0.000,waiting
2026-06-17T14:17:29,108.640,1,295.00000,296.27490,1.27490,295.00000,-0.03956768,0,-0.03956768,0,0.000,waiting
2026-06-17T14:17:31,111.171,1,295.00000,296.27540,1.27540,295.00000,-0.0395681,0,-0.0395681,0,0.000,waiting
2026-06-17T14:17:34,113.703,1,295.00000,296.27450,1.27450,295.00000,-0.03956812,0,-0.03956812,0,0.000,waiting
2026-06-17T14:17:37,116.218,1,295.00000,296.27490,1.27490,295.00000,-0.03956818,0,-0.03956818,0,0.000,waiting
2026-06-17T14:17:39,118.750,1,295.00000,296.27540,1.27540,295.00000,-0.03956822,0,-0.03956822,0,0.000,waiting
2026-06-17T14:17:42,121.281,1,295.00000,296.27580,1.27580,295.00000,-0.03956846,0,-0.03956846,0,0.000,waiting
2026-06-17T14:17:44,123.812,1,295.00000,296.27710,1.27710,295.00000,-0.03956868,0,-0.03956868,0,0.000,waiting
2026-06-17T14:17:47,126.343,1,295.00000,296.27630,1.27630,295.00000,-0.03956862,0,-0.03956862,0,0.000,waiting
2026-06-17T14:17:49,128.875,1,295.00000,296.27710,1.27710,295.00000,-0.03956879,0,-0.03956879,0,0.000,waiting
2026-06-17T14:17:52,131.406,1,295.00000,296.27710,1.27710,295.00000,-0.03956879,0,-0.03956879,0,0.000,waiting
2026-06-17T14:17:54,133.921,1,295.00000,296.27800,1.27800,295.00000,-0.03956884,0,-0.03956884,0,0.000,waiting
2026-06-17T14:17:57,136.453,1,295.00000,296.27760,1.27760,295.00000,-0.03956926,0,-0.03956926,0,0.000,waiting
2026-06-17T14:17:59,138.984,1,295.00000,296.27890,1.27890,295.00000,-0.03956901,0,-0.03956901,0,0.000,waiting
2026-06-17T14:18:02,141.515,1,295.00000,296.27890,1.27890,295.00000,-0.03956962,0,-0.03956962,0,0.000,waiting
2026-06-17T14:18:04,144.046,1,295.00000,296.27980,1.27980,295.00000,-0.03956918,0,-0.03956918,0,0.000,waiting
2026-06-17T14:18:07,146.578,1,295.00000,296.28020,1.28020,295.00000,-0.03956939,0,-0.03956939,0,0.000,waiting
2026-06-17T14:18:09,149.093,1,295.00000,296.27980,1.27980,295.00000,-0.03956928,0,-0.03956928,0,0.000,waiting
2026-06-17T14:18:12,151.625,1,295.00000,296.28070,1.28070,295.00000,-0.03956976,0,-0.03956976,0,0.000,waiting
2026-06-17T14:18:14,154.156,1,295.00000,296.28110,1.28110,295.00000,-0.03957008,0,-0.03957008,0,0.000,waiting
2026-06-17T14:18:21,156.687,1,295.00000,296.28070,1.28070,295.00000,-0.03957007,0,-0.03957007,0,0.000,waiting
2026-06-17T14:18:23,162.968,1,295.00000,296.28330,1.28330,295.00000,-0.03956978,0,-0.03956978,0,0.000,waiting
2026-06-17T14:18:26,165.500,1,295.00000,296.28240,1.28240,295.00000,-0.0395704,0,-0.0395704,0,0.000,waiting
2026-06-17T14:18:28,168.031,1,295.00000,296.28290,1.28290,295.00000,-0.03957012,0,-0.03957012,0,0.000,waiting
2026-06-17T14:18:31,170.562,1,295.00000,296.28330,1.28330,295.00000,-0.0395702,0,-0.0395702,0,0.000,waiting
2026-06-17T14:18:33,173.093,1,295.00000,296.28460,1.28460,295.00000,-0.03957099,0,-0.03957099,0,0.000,waiting
2026-06-17T14:18:36,175.625,1,295.00000,296.28510,1.28510,295.00000,-0.03957052,0,-0.03957052,0,0.000,waiting
2026-06-17T14:18:38,178.156,1,295.00000,296.28510,1.28510,295.00000,-0.03957056,0,-0.03957056,0,0.000,waiting
2026-06-17T14:18:41,180.687,1,295.00000,296.28600,1.28600,295.00000,-0.03957074,0,-0.03957074,0,0.000,waiting
2026-06-17T14:18:43,183.218,1,295.00000,296.28640,1.28640,295.00000,-0.03957056,0,-0.03957056,0,0.000,waiting
2026-06-17T14:18:46,185.750,1,295.00000,296.28510,1.28510,295.00000,-0.03957098,0,-0.03957098,0,0.000,waiting
2026-06-17T14:18:49,188.375,1,295.00000,296.28680,1.28680,295.00000,-0.0395716,0,-0.0395716,0,0.000,waiting
2026-06-17T14:18:51,190.906,1,295.00000,296.28680,1.28680,295.00000,-0.03957179,0,-0.03957179,0,0.000,waiting
2026-06-17T14:18:54,193.421,1,295.00000,296.28680,1.28680,295.00000,-0.03957173,0,-0.03957173,0,0.000,waiting
2026-06-17T14:18:56,195.984,1,295.00000,296.28680,1.28680,295.00000,-0.03957198,0,-0.03957198,0,0.000,waiting
2026-06-17T14:18:59,198.515,1,295.00000,296.28730,1.28730,295.00000,-0.03957151,0,-0.03957151,0,0.000,waiting
2026-06-17T14:19:01,201.046,1,295.00000,296.28820,1.28820,295.00000,-0.03957188,0,-0.03957188,0,0.000,waiting
2026-06-17T14:19:04,203.578,1,295.00000,296.28950,1.28950,295.00000,-0.0395721,0,-0.0395721,0,0.000,waiting
2026-06-17T14:19:06,206.109,1,295.00000,296.28990,1.28990,295.00000,-0.03957194,0,-0.03957194,0,0.000,waiting
2026-06-17T14:19:09,208.640,1,295.00000,296.28950,1.28950,295.00000,-0.03957195,0,-0.03957195,0,0.000,waiting
2026-06-17T14:19:11,211.171,1,295.00000,296.28990,1.28990,295.00000,-0.03957216,0,-0.03957216,0,0.000,waiting
2026-06-17T14:19:14,213.703,1,295.00000,296.29080,1.29080,295.00000,-0.03957209,0,-0.03957209,0,0.000,waiting
2026-06-17T14:19:17,216.234,1,295.00000,296.29080,1.29080,295.00000,-0.03957222,0,-0.03957222,0,0.000,waiting
2026-06-17T14:19:19,218.750,1,295.00000,296.29170,1.29170,295.00000,-0.0395719,0,-0.0395719,0,0.000,waiting
2026-06-17T14:19:22,221.281,1,295.00000,296.29300,1.29300,295.00000,-0.03957186,0,-0.03957186,0,0.000,waiting
2026-06-17T14:19:24,223.812,1,295.00000,296.29170,1.29170,295.00000,-0.03957232,0,-0.03957232,0,0.000,waiting
2026-06-17T14:19:27,226.343,1,295.00000,296.29210,1.29210,295.00000,-0.03957238,0,-0.03957238,0,0.000,waiting
2026-06-17T14:19:29,228.875,1,295.00000,296.29210,1.29210,295.00000,-0.03957252,0,-0.03957252,0,0.000,waiting
2026-06-17T14:19:32,231.406,1,295.00000,296.29350,1.29350,295.00000,-0.03957285,0,-0.03957285,0,0.000,waiting
2026-06-17T14:19:34,233.937,1,295.00000,296.29390,1.29390,295.00000,-0.0395724,0,-0.0395724,0,0.000,waiting
2026-06-17T14:19:37,236.468,1,295.00000,296.29390,1.29390,295.00000,-0.03957177,0,-0.03957177,0,0.000,waiting
2026-06-17T14:19:39,238.984,1,295.00000,296.29430,1.29430,295.00000,-0.03957191,0,-0.03957191,0,0.000,waiting
2026-06-17T14:19:42,241.515,1,295.00000,296.29480,1.29480,295.00000,-0.03957192,0,-0.03957192,0,0.000,waiting
2026-06-17T14:19:44,244.046,1,295.00000,296.29560,1.29560,295.00000,-0.03957203,0,-0.03957203,0,0.000,waiting
2026-06-17T14:19:47,246.578,1,295.00000,296.29610,1.29610,295.00000,-0.03957162,0,-0.03957162,0,0.000,waiting
2026-06-17T14:19:49,249.109,1,295.00000,296.29610,1.29610,295.00000,-0.03957247,0,-0.03957247,0,0.000,waiting
2026-06-17T14:19:52,251.640,1,295.00000,296.29650,1.29650,295.00000,-0.0395721,0,-0.0395721,0,0.000,waiting
2026-06-17T14:19:54,254.156,1,295.00000,296.29650,1.29650,295.00000,-0.03957211,0,-0.03957211,0,0.000,waiting
2026-06-17T14:19:57,256.687,1,295.00000,296.29740,1.29740,295.00000,-0.03957253,0,-0.03957253,0,0.000,waiting
2026-06-17T14:20:00,259.218,1,295.00000,296.29740,1.29740,295.00000,-0.0395722,0,-0.0395722,0,0.000,waiting
2026-06-17T14:20:02,261.750,1,295.00000,296.29920,1.29920,295.00000,-0.03957273,0,-0.03957273,0,0.000,waiting
2026-06-17T14:20:05,264.281,1,295.00000,296.29870,1.29870,295.00000,-0.03957286,0,-0.03957286,0,0.000,waiting
2026-06-17T14:20:07,266.812,1,295.00000,296.29790,1.29790,295.00000,-0.03957238,0,-0.03957238,0,0.000,waiting
2026-06-17T14:20:10,269.343,1,295.00000,296.29830,1.29830,295.00000,-0.03957288,0,-0.03957288,0,0.000,waiting
2026-06-17T14:20:12,271.875,1,295.00000,296.29920,1.29920,295.00000,-0.03957309,0,-0.03957309,0,0.000,waiting
2026-06-17T14:20:15,274.390,1,295.00000,296.29960,1.29960,295.00000,-0.03957291,0,-0.03957291,0,0.000,waiting
2026-06-17T14:20:17,276.921,1,295.00000,296.30010,1.30010,295.00000,-0.03957236,0,-0.03957236,0,0.000,waiting
2026-06-17T14:20:20,279.453,1,295.00000,296.30090,1.30090,295.00000,-0.03957243,0,-0.03957243,0,0.000,waiting
2026-06-17T14:20:22,281.984,1,295.00000,296.30050,1.30050,295.00000,-0.03957277,0,-0.03957277,0,0.000,waiting
2026-06-17T14:20:25,284.500,1,295.00000,296.30090,1.30090,295.00000,-0.03957248,0,-0.03957248,0,0.000,waiting
2026-06-17T14:20:35,287.031,1,295.00000,296.30230,1.30230,295.00000,-0.03957318,0,-0.03957318,0,0.000,waiting
2026-06-17T14:20:37,297.078,1,295.00000,296.30180,1.30180,295.00000,-0.0395732,0,-0.0395732,0,0.000,waiting
2026-06-17T14:20:40,299.609,1,295.00000,296.30180,1.30180,295.00000,-0.03957345,0,-0.03957345,0,0.000,waiting
2026-06-17T14:20:42,302.140,1,295.00000,296.30230,1.30230,295.00000,-0.0395734,0,-0.0395734,0,0.000,waiting
2026-06-17T14:20:45,304.656,1,295.00000,296.30230,1.30230,295.00000,-0.0395732,0,-0.0395732,0,0.000,waiting
2026-06-17T14:20:47,307.187,1,295.00000,296.30320,1.30320,295.00000,-0.03957328,0,-0.03957328,0,0.000,waiting
2026-06-17T14:20:50,309.718,1,295.00000,296.30180,1.30180,295.00000,-0.03957336,0,-0.03957336,0,0.000,waiting
2026-06-17T14:20:53,312.234,1,295.00000,296.30320,1.30320,295.00000,-0.03957323,0,-0.03957323,0,0.000,waiting
2026-06-17T14:20:55,314.765,1,295.00000,296.30320,1.30320,295.00000,-0.03957334,0,-0.03957334,0,0.000,waiting
2026-06-17T14:20:58,317.281,1,295.00000,296.30270,1.30270,295.00000,-0.03957334,0,-0.03957334,0,0.000,waiting
2026-06-17T14:21:00,319.812,1,295.00000,296.30320,1.30320,295.00000,-0.03957327,0,-0.03957327,0,0.000,waiting
2026-06-17T14:21:03,322.343,1,295.00000,296.30270,1.30270,295.00000,-0.0395737,0,-0.0395737,0,0.000,waiting
2026-06-17T14:21:05,324.859,1,295.00000,296.30230,1.30230,295.00000,-0.03957295,0,-0.03957295,0,0.000,waiting
2026-06-17T14:21:08,327.390,1,295.00000,296.30180,1.30180,295.00000,-0.03957294,0,-0.03957294,0,0.000,waiting
2026-06-17T14:21:10,329.921,1,295.00000,296.30230,1.30230,295.00000,-0.03957303,0,-0.03957303,0,0.000,waiting
2026-06-17T14:21:13,332.437,1,295.00000,296.30400,1.30400,295.00000,-0.0395731,0,-0.0395731,0,0.000,waiting
2026-06-17T14:21:15,334.968,1,295.00000,296.30230,1.30230,295.00000,-0.03957333,0,-0.03957333,0,0.000,waiting
2026-06-17T14:21:22,337.500,1,295.00000,296.30320,1.30320,295.00000,-0.03957362,0,-0.03957362,0,0.000,waiting
2026-06-17T14:21:24,343.765,1,295.00000,296.30320,1.30320,295.00000,-0.0395737,0,-0.0395737,0,0.000,waiting
2026-06-17T14:21:27,346.296,1,295.00000,296.30320,1.30320,295.00000,-0.03957419,0,-0.03957419,0,0.000,waiting
2026-06-17T14:21:29,348.828,1,295.00000,296.30360,1.30360,295.00000,-0.03957398,0,-0.03957398,0,0.000,waiting
2026-06-17T14:21:32,351.343,1,295.00000,296.30320,1.30320,295.00000,-0.03957434,0,-0.03957434,0,0.000,waiting
2026-06-17T14:21:34,353.890,1,295.00000,296.30320,1.30320,295.00000,-0.03957418,0,-0.03957418,0,0.000,waiting
2026-06-17T14:21:37,356.406,1,295.00000,296.30360,1.30360,295.00000,-0.03957403,0,-0.03957403,0,0.000,waiting
2026-06-17T14:21:39,358.937,1,295.00000,296.30360,1.30360,295.00000,-0.03957436,0,-0.03957436,0,0.000,waiting
2026-06-17T14:21:42,361.453,1,295.00000,296.30320,1.30320,295.00000,-0.03957447,0,-0.03957447,0,0.000,waiting
2026-06-17T14:21:44,363.984,1,295.00000,296.30320,1.30320,295.00000,-0.03957394,0,-0.03957394,0,0.000,waiting
2026-06-17T14:21:47,366.515,1,295.00000,296.30270,1.30270,295.00000,-0.03957413,0,-0.03957413,0,0.000,waiting
2026-06-17T14:21:49,369.031,1,295.00000,296.30230,1.30230,295.00000,-0.03957409,0,-0.03957409,0,0.000,waiting
2026-06-17T14:21:52,371.562,1,295.00000,296.30270,1.30270,295.00000,-0.03957418,0,-0.03957418,0,0.000,waiting
2026-06-17T14:21:54,374.093,1,295.00000,296.30320,1.30320,295.00000,-0.03957395,0,-0.03957395,0,0.000,waiting
2026-06-17T14:21:57,376.609,1,295.00000,296.30360,1.30360,295.00000,-0.03957418,0,-0.03957418,0,0.000,waiting
2026-06-17T14:21:59,379.140,1,295.00000,296.30270,1.30270,295.00000,-0.03957447,0,-0.03957447,0,0.000,waiting
2026-06-17T14:22:02,381.671,1,295.00000,296.30180,1.30180,295.00000,-0.0395742,0,-0.0395742,0,0.000,waiting
2026-06-17T14:22:04,384.187,1,295.00000,296.30180,1.30180,295.00000,-0.03957417,0,-0.03957417,0,0.000,waiting
2026-06-17T14:22:07,386.718,1,295.00000,296.30140,1.30140,295.00000,-0.03957405,0,-0.03957405,0,0.000,waiting
2026-06-17T14:22:10,389.250,1,295.00000,296.30140,1.30140,295.00000,-0.03957423,0,-0.03957423,0,0.000,waiting
2026-06-17T14:22:12,391.765,1,295.00000,296.30230,1.30230,295.00000,-0.03957425,0,-0.03957425,0,0.000,waiting
2026-06-17T14:22:15,394.296,1,295.00000,296.30180,1.30180,295.00000,-0.03957433,0,-0.03957433,0,0.000,waiting
2026-06-17T14:22:17,396.828,1,295.00000,296.30140,1.30140,295.00000,-0.03957479,0,-0.03957479,0,0.000,waiting
2026-06-17T14:22:20,399.359,1,295.00000,296.30050,1.30050,295.00000,-0.03957474,0,-0.03957474,0,0.000,waiting
2026-06-17T14:22:22,401.875,1,295.00000,296.30010,1.30010,295.00000,-0.03957495,0,-0.03957495,0,0.000,waiting
2026-06-17T14:22:25,404.406,1,295.00000,296.30010,1.30010,295.00000,-0.03957506,0,-0.03957506,0,0.000,waiting
2026-06-17T14:22:27,406.937,1,295.00000,296.30050,1.30050,295.00000,-0.03957546,0,-0.03957546,0,0.000,waiting
2026-06-17T14:22:30,409.468,1,295.00000,296.30010,1.30010,295.00000,-0.03957513,0,-0.03957513,0,0.000,waiting
2026-06-17T14:22:32,412.000,1,295.00000,296.30050,1.30050,295.00000,-0.03957509,0,-0.03957509,0,0.000,waiting
2026-06-17T14:22:35,414.531,1,295.00000,296.29920,1.29920,295.00000,-0.03957498,0,-0.03957498,0,0.000,waiting
2026-06-17T14:22:37,417.062,1,295.00000,296.29920,1.29920,295.00000,-0.0395748,0,-0.0395748,0,0.000,waiting
2026-06-17T14:22:40,419.578,1,295.00000,296.29920,1.29920,295.00000,-0.03957491,0,-0.03957491,0,0.000,waiting
2026-06-17T14:22:42,422.109,1,295.00000,296.29920,1.29920,295.00000,-0.03957549,0,-0.03957549,0,0.000,waiting
2026-06-17T14:22:45,424.640,1,295.00000,296.30010,1.30010,295.00000,-0.03957496,0,-0.03957496,0,0.000,waiting
2026-06-17T14:22:47,427.171,1,295.00000,296.29870,1.29870,295.00000,-0.03957548,0,-0.03957548,0,0.000,waiting
2026-06-17T14:22:50,429.687,1,295.00000,296.29830,1.29830,295.00000,-0.03957558,0,-0.03957558,0,0.000,waiting
2026-06-17T14:22:52,432.218,1,295.00000,296.29790,1.29790,295.00000,-0.03957469,0,-0.03957469,0,0.000,waiting
2026-06-17T14:22:55,434.750,1,295.00000,296.29790,1.29790,295.00000,-0.03957475,0,-0.03957475,0,0.000,waiting
2026-06-17T14:22:58,437.265,1,295.00000,296.29790,1.29790,295.00000,-0.03957507,0,-0.03957507,0,0.000,waiting
2026-06-17T14:23:00,439.796,1,295.00000,296.29740,1.29740,295.00000,-0.03957557,0,-0.03957557,0,0.000,waiting
2026-06-17T14:23:03,442.328,1,295.00000,296.29740,1.29740,295.00000,-0.03957495,0,-0.03957495,0,0.000,waiting
2026-06-17T14:23:05,444.843,1,295.00000,296.29650,1.29650,295.00000,-0.03957477,0,-0.03957477,0,0.000,waiting
2026-06-17T14:23:08,447.375,1,295.00000,296.29650,1.29650,295.00000,-0.03957525,0,-0.03957525,0,0.000,waiting
2026-06-17T14:23:10,449.906,1,295.00000,296.29610,1.29610,295.00000,-0.03957532,0,-0.03957532,0,0.000,waiting
2026-06-17T14:23:13,452.421,1,295.00000,296.29480,1.29480,295.00000,-0.03957521,0,-0.03957521,0,0.000,waiting
2026-06-17T14:23:15,454.953,1,295.00000,296.29520,1.29520,295.00000,-0.03957564,0,-0.03957564,0,0.000,waiting
2026-06-17T14:23:18,457.484,1,295.00000,296.29520,1.29520,295.00000,-0.03957504,0,-0.03957504,0,0.000,waiting
2026-06-17T14:23:20,460.000,1,295.00000,296.29520,1.29520,295.00000,-0.03957576,0,-0.03957576,0,0.000,waiting
2026-06-17T14:23:23,462.531,1,295.00000,296.29350,1.29350,295.00000,-0.03957507,0,-0.03957507,0,0.000,waiting
2026-06-17T14:23:25,465.062,1,295.00000,296.29430,1.29430,295.00000,-0.03957548,0,-0.03957548,0,0.000,waiting
2026-06-17T14:23:28,467.578,1,295.00000,296.29350,1.29350,295.00000,-0.03957568,0,-0.03957568,0,0.000,waiting
2026-06-17T14:23:30,470.109,1,295.00000,296.29210,1.29210,295.00000,-0.03957566,0,-0.03957566,0,0.000,waiting
2026-06-17T14:23:33,472.640,1,295.00000,296.29300,1.29300,295.00000,-0.03957557,0,-0.03957557,0,0.000,waiting
2026-06-17T14:23:35,475.156,1,295.00000,296.29170,1.29170,295.00000,-0.03957528,0,-0.03957528,0,0.000,waiting
2026-06-17T14:23:38,477.687,1,295.00000,296.29170,1.29170,295.00000,-0.03957601,0,-0.03957601,0,0.000,waiting
2026-06-17T14:23:40,480.218,1,295.00000,296.29170,1.29170,295.00000,-0.03957566,0,-0.03957566,0,0.000,waiting
2026-06-17T14:23:43,482.750,1,295.00000,296.29170,1.29170,295.00000,-0.03957543,0,-0.03957543,0,0.000,waiting
2026-06-17T14:23:49,485.281,1,295.00000,296.29080,1.29080,295.00000,-0.03957526,0,-0.03957526,0,0.000,waiting
2026-06-17T14:23:52,491.578,1,295.00000,296.29080,1.29080,295.00000,-0.03957566,0,-0.03957566,0,0.000,waiting
2026-06-17T14:23:54,494.171,1,295.00000,296.29170,1.29170,295.00000,-0.03957564,0,-0.03957564,0,0.000,waiting
2026-06-17T14:23:57,496.703,1,295.00000,296.29040,1.29040,295.00000,-0.03957539,0,-0.03957539,0,0.000,waiting
2026-06-17T14:24:00,499.234,1,295.00000,296.28990,1.28990,295.00000,-0.03957594,0,-0.03957594,0,0.000,waiting
2026-06-17T14:24:02,501.765,1,295.00000,296.29080,1.29080,295.00000,-0.03957542,0,-0.03957542,0,0.000,waiting
2026-06-17T14:24:05,504.296,1,295.00000,296.28990,1.28990,295.00000,-0.03957605,0,-0.03957605,0,0.000,waiting
2026-06-17T14:24:07,506.828,1,295.00000,296.28950,1.28950,295.00000,-0.03957596,0,-0.03957596,0,0.000,waiting
2026-06-17T14:24:10,509.359,1,295.00000,296.28900,1.28900,295.00000,-0.03957533,0,-0.03957533,0,0.000,waiting
2026-06-17T14:24:12,511.890,1,295.00000,296.28820,1.28820,295.00000,-0.03957588,0,-0.03957588,0,0.000,waiting
2026-06-17T14:24:15,514.406,1,295.00000,296.28640,1.28640,295.00000,-0.03957594,0,-0.03957594,0,0.000,waiting
2026-06-17T14:24:17,516.937,1,295.00000,296.28770,1.28770,295.00000,-0.0395763,0,-0.0395763,0,0.000,waiting
2026-06-17T14:24:20,519.468,1,295.00000,296.28640,1.28640,295.00000,-0.03957619,0,-0.03957619,0,0.000,waiting
2026-06-17T14:24:22,522.000,1,295.00000,296.28550,1.28550,295.00000,-0.03957591,0,-0.03957591,0,0.000,waiting
2026-06-17T14:24:25,524.531,1,295.00000,296.28460,1.28460,295.00000,-0.03957574,0,-0.03957574,0,0.000,waiting
2026-06-17T14:24:27,527.046,1,295.00000,296.28420,1.28420,295.00000,-0.03957587,0,-0.03957587,0,0.000,waiting
2026-06-17T14:24:30,529.578,1,295.00000,296.28370,1.28370,295.00000,-0.03957561,0,-0.03957561,0,0.000,waiting
2026-06-17T14:24:32,532.109,1,295.00000,296.28370,1.28370,295.00000,-0.03957594,0,-0.03957594,0,0.000,waiting
2026-06-17T14:24:35,534.640,1,295.00000,296.28330,1.28330,295.00000,-0.03957621,0,-0.03957621,0,0.000,waiting
2026-06-17T14:24:37,537.156,1,295.00000,296.28290,1.28290,295.00000,-0.03957579,0,-0.03957579,0,0.000,waiting
2026-06-17T14:24:40,539.687,1,295.00000,296.28240,1.28240,295.00000,-0.03957626,0,-0.03957626,0,0.000,waiting
2026-06-17T14:24:43,542.218,1,295.00000,296.28110,1.28110,295.00000,-0.03957634,0,-0.03957634,0,0.000,waiting
2026-06-17T14:24:45,544.750,1,295.00000,296.28150,1.28150,295.00000,-0.03957598,0,-0.03957598,0,0.000,waiting
2026-06-17T14:24:48,547.281,1,295.00000,296.28070,1.28070,295.00000,-0.03957639,0,-0.03957639,0,0.000,waiting
2026-06-17T14:24:50,549.812,1,295.00000,296.28070,1.28070,295.00000,-0.03957647,0,-0.03957647,0,0.000,waiting
2026-06-17T14:24:53,552.343,1,295.00000,296.28020,1.28020,295.00000,-0.03957646,0,-0.03957646,0,0.000,waiting
2026-06-17T14:24:55,554.875,1,295.00000,296.27940,1.27940,295.00000,-0.03957657,0,-0.03957657,0,0.000,waiting
2026-06-17T14:24:58,557.406,1,295.00000,296.27980,1.27980,295.00000,-0.03957661,0,-0.03957661,0,0.000,waiting
2026-06-17T14:25:00,559.937,1,295.00000,296.27890,1.27890,295.00000,-0.03957699,0,-0.03957699,0,0.000,waiting
2026-06-17T14:25:03,562.453,1,295.00000,296.27890,1.27890,295.00000,-0.03957673,0,-0.03957673,0,0.000,waiting
2026-06-17T14:25:05,564.984,1,295.00000,296.27850,1.27850,295.00000,-0.03957709,0,-0.03957709,0,0.000,waiting
2026-06-17T14:25:08,567.515,1,295.00000,296.27800,1.27800,295.00000,-0.03957725,0,-0.03957725,0,0.000,waiting
2026-06-17T14:25:10,570.046,1,295.00000,296.27760,1.27760,295.00000,-0.03957707,0,-0.03957707,0,0.000,waiting
2026-06-17T14:25:13,572.578,1,295.00000,296.27800,1.27800,295.00000,-0.03957686,0,-0.03957686,0,0.000,waiting
2026-06-17T14:25:15,575.109,1,295.00000,296.27800,1.27800,295.00000,-0.03957665,0,-0.03957665,0,0.000,waiting
2026-06-17T14:25:18,577.640,1,295.00000,296.27670,1.27670,295.00000,-0.03957693,0,-0.03957693,0,0.000,waiting
2026-06-17T14:25:20,580.156,1,295.00000,296.27670,1.27670,295.00000,-0.03957718,0,-0.03957718,0,0.000,waiting
2026-06-17T14:25:23,582.687,1,295.00000,296.27670,1.27670,295.00000,-0.03957677,0,-0.03957677,0,0.000,waiting
2026-06-17T14:25:26,585.218,1,295.00000,296.27540,1.27540,295.00000,-0.03957697,0,-0.03957697,0,0.000,waiting
2026-06-17T14:25:32,587.750,1,295.00000,296.27540,1.27540,295.00000,-0.03957688,0,-0.03957688,0,0.000,waiting
2026-06-17T14:25:34,594.046,1,295.00000,296.27360,1.27360,295.00000,-0.03957676,0,-0.03957676,0,0.000,waiting
2026-06-17T14:25:37,596.578,1,295.00000,296.27230,1.27230,295.00000,-0.03957603,0,-0.03957603,0,0.000,waiting
2026-06-17T14:25:39,599.109,1,295.00000,296.27180,1.27180,295.00000,-0.03957633,0,-0.03957633,0,0.000,waiting
2026-06-17T14:25:42,601.703,1,295.00000,296.27140,1.27140,295.00000,-0.03957707,0,-0.03957707,0,0.000,waiting
2026-06-17T14:25:45,604.218,1,295.00000,296.27100,1.27100,295.00000,-0.0395768,0,-0.0395768,0,0.000,waiting
2026-06-17T14:25:47,606.750,1,295.00000,296.27140,1.27140,295.00000,-0.03957687,0,-0.03957687,0,0.000,waiting
2026-06-17T14:25:50,609.281,1,295.00000,296.27140,1.27140,295.00000,-0.03957651,0,-0.03957651,0,0.000,waiting
2026-06-17T14:25:52,611.812,1,295.00000,296.27100,1.27100,295.00000,-0.03957694,0,-0.03957694,0,0.000,waiting
2026-06-17T14:25:55,614.343,1,295.00000,296.27050,1.27050,295.00000,-0.03957707,0,-0.03957707,0,0.000,waiting
2026-06-17T14:25:57,616.875,1,295.00000,296.26960,1.26960,295.00000,-0.03957698,0,-0.03957698,0,0.000,waiting
2026-06-17T14:26:00,619.406,1,295.00000,296.26960,1.26960,295.00000,-0.03957678,0,-0.03957678,0,0.000,waiting
2026-06-17T14:26:02,621.921,1,295.00000,296.26920,1.26920,295.00000,-0.03957677,0,-0.03957677,0,0.000,waiting
2026-06-17T14:26:05,624.453,1,295.00000,296.26880,1.26880,295.00000,-0.03957702,0,-0.03957702,0,0.000,waiting
2026-06-17T14:26:07,626.984,1,295.00000,296.27010,1.27010,295.00000,-0.03957718,0,-0.03957718,0,0.000,waiting
2026-06-17T14:26:10,629.515,1,295.00000,296.26830,1.26830,295.00000,-0.03957736,0,-0.03957736,0,0.000,waiting
2026-06-17T14:26:12,632.031,1,295.00000,296.26830,1.26830,295.00000,-0.03957707,0,-0.03957707,0,0.000,waiting
2026-06-17T14:26:15,634.562,1,295.00000,296.26740,1.26740,295.00000,-0.03957736,0,-0.03957736,0,0.000,waiting
2026-06-17T14:26:17,637.093,1,295.00000,296.26790,1.26790,295.00000,-0.03957729,0,-0.03957729,0,0.000,waiting
2026-06-17T14:26:20,639.625,1,295.00000,296.26700,1.26700,295.00000,-0.03957778,0,-0.03957778,0,0.000,waiting
2026-06-17T14:26:22,642.156,1,295.00000,296.26700,1.26700,295.00000,-0.03957736,0,-0.03957736,0,0.000,waiting
2026-06-17T14:26:25,644.687,1,295.00000,296.26610,1.26610,295.00000,-0.03957725,0,-0.03957725,0,0.000,waiting
2026-06-17T14:26:27,647.218,1,295.00000,296.26570,1.26570,295.00000,-0.03957738,0,-0.03957738,0,0.000,waiting
2026-06-17T14:26:30,649.734,1,295.00000,296.26520,1.26520,295.00000,-0.03957804,0,-0.03957804,0,0.000,waiting
2026-06-17T14:26:33,652.265,1,295.00000,296.26660,1.26660,295.00000,-0.03957787,0,-0.03957787,0,0.000,waiting
2026-06-17T14:26:35,654.796,1,295.00000,296.26440,1.26440,295.00000,-0.03957789,0,-0.03957789,0,0.000,waiting
2026-06-17T14:26:38,657.328,1,295.00000,296.26520,1.26520,295.00000,-0.0395777,0,-0.0395777,0,0.000,waiting
2026-06-17T14:26:40,659.859,1,295.00000,296.26520,1.26520,295.00000,-0.03957743,0,-0.03957743,0,0.000,waiting
2026-06-17T14:26:43,662.375,1,295.00000,296.26570,1.26570,295.00000,-0.03957784,0,-0.03957784,0,0.000,waiting
2026-06-17T14:26:45,664.906,1,295.00000,296.26440,1.26440,295.00000,-0.03957764,0,-0.03957764,0,0.000,waiting
2026-06-17T14:26:48,667.437,1,295.00000,296.26520,1.26520,295.00000,-0.03957806,0,-0.03957806,0,0.000,waiting
2026-06-17T14:26:50,669.968,1,295.00000,296.26350,1.26350,295.00000,-0.03957773,0,-0.03957773,0,0.000,waiting
2026-06-17T14:26:53,672.500,1,295.00000,296.26440,1.26440,295.00000,-0.03957748,0,-0.03957748,0,0.000,waiting
2026-06-17T14:26:55,675.031,1,295.00000,296.26390,1.26390,295.00000,-0.03957767,0,-0.03957767,0,0.000,waiting
2026-06-17T14:26:58,677.562,1,295.00000,296.26390,1.26390,295.00000,-0.03957815,0,-0.03957815,0,0.000,waiting
2026-06-17T14:27:00,680.078,1,295.00000,296.26260,1.26260,295.00000,-0.03957759,0,-0.03957759,0,0.000,waiting
2026-06-17T14:27:03,682.609,1,295.00000,296.26300,1.26300,295.00000,-0.03957775,0,-0.03957775,0,0.000,waiting
2026-06-17T14:27:05,685.140,1,295.00000,296.26350,1.26350,295.00000,-0.03957806,0,-0.03957806,0,0.000,waiting
2026-06-17T14:27:08,687.671,1,295.00000,296.26350,1.26350,295.00000,-0.03957788,0,-0.03957788,0,0.000,waiting
2026-06-17T14:27:10,690.203,1,295.00000,296.26300,1.26300,295.00000,-0.03957793,0,-0.03957793,0,0.000,waiting
2026-06-17T14:27:13,692.734,1,295.00000,296.26260,1.26260,295.00000,-0.03957881,0,-0.03957881,0,0.000,waiting
2026-06-17T14:27:16,695.250,1,295.00000,296.26350,1.26350,295.00000,-0.03957879,0,-0.03957879,0,0.000,waiting
2026-06-17T14:27:18,697.781,1,295.00000,296.26260,1.26260,295.00000,-0.03957808,0,-0.03957808,0,0.000,waiting
2026-06-17T14:27:21,700.312,1,295.00000,296.26350,1.26350,295.00000,-0.03957791,0,-0.03957791,0,0.000,waiting
2026-06-17T14:27:23,702.843,1,295.00000,296.26300,1.26300,295.00000,-0.03957782,0,-0.03957782,0,0.000,waiting
2026-06-17T14:27:26,705.375,1,295.00000,296.26260,1.26260,295.00000,-0.03957786,0,-0.03957786,0,0.000,waiting
2026-06-17T14:27:28,707.906,1,295.00000,296.26080,1.26080,295.00000,-0.03957775,0,-0.03957775,0,0.000,waiting
2026-06-17T14:27:31,710.437,1,295.00000,296.26130,1.26130,295.00000,-0.03957805,0,-0.03957805,0,0.000,waiting
2026-06-17T14:27:33,712.953,1,295.00000,296.26260,1.26260,295.00000,-0.03957826,0,-0.03957826,0,0.000,waiting
2026-06-17T14:27:36,715.484,1,295.00000,296.26130,1.26130,295.00000,-0.03957823,0,-0.03957823,0,0.000,waiting
2026-06-17T14:27:38,718.015,1,295.00000,296.26080,1.26080,295.00000,-0.03957866,0,-0.03957866,0,0.000,waiting
2026-06-17T14:27:41,720.546,1,295.00000,296.26130,1.26130,295.00000,-0.03957788,0,-0.03957788,0,0.000,waiting
2026-06-17T14:27:44,723.234,1,295.00000,296.26130,1.26130,295.00000,-0.03957822,0,-0.03957822,0,0.000,waiting
2026-06-17T14:27:46,725.765,1,295.00000,296.26040,1.26040,295.00000,-0.03957818,0,-0.03957818,0,0.000,waiting
2026-06-17T14:27:49,728.296,1,295.00000,296.26040,1.26040,295.00000,-0.03957861,0,-0.03957861,0,0.000,waiting
2026-06-17T14:27:51,730.812,1,295.00000,296.26080,1.26080,295.00000,-0.03957834,0,-0.03957834,0,0.000,waiting
2026-06-17T14:27:54,733.343,1,295.00000,296.26080,1.26080,295.00000,-0.03957873,0,-0.03957873,0,0.000,waiting
2026-06-17T14:27:56,735.875,1,295.00000,296.26130,1.26130,295.00000,-0.0395786,0,-0.0395786,0,0.000,waiting
2026-06-17T14:27:59,738.406,1,295.00000,296.25950,1.25950,295.00000,-0.03957874,0,-0.03957874,0,0.000,waiting
2026-06-17T14:28:01,740.937,1,295.00000,296.26080,1.26080,295.00000,-0.03957853,0,-0.03957853,0,0.000,waiting
2026-06-17T14:28:04,743.468,1,295.00000,296.25950,1.25950,295.00000,-0.03957834,0,-0.03957834,0,0.000,waiting
2026-06-17T14:28:06,746.000,1,295.00000,296.26080,1.26080,295.00000,-0.03957857,0,-0.03957857,0,0.000,waiting
2026-06-17T14:28:09,748.515,1,295.00000,296.26040,1.26040,295.00000,-0.0395787,0,-0.0395787,0,0.000,waiting
2026-06-17T14:28:11,751.078,1,295.00000,296.25990,1.25990,295.00000,-0.03957904,0,-0.03957904,0,0.000,waiting
2026-06-17T14:28:14,753.750,1,295.00000,296.25990,1.25990,295.00000,-0.03957922,0,-0.03957922,0,0.000,waiting
2026-06-17T14:28:17,756.281,1,295.00000,296.25990,1.25990,295.00000,-0.03957892,0,-0.03957892,0,0.000,waiting
2026-06-17T14:28:19,758.812,1,295.00000,296.25990,1.25990,295.00000,-0.03957917,0,-0.03957917,0,0.000,waiting
2026-06-17T14:28:22,761.328,1,295.00000,296.25910,1.25910,295.00000,-0.03957911,0,-0.03957911,0,0.000,waiting
2026-06-17T14:28:24,763.859,1,295.00000,296.25860,1.25860,295.00000,-0.03957919,0,-0.03957919,0,0.000,waiting
2026-06-17T14:28:27,766.390,1,295.00000,296.25950,1.25950,295.00000,-0.03957915,0,-0.03957915,0,0.000,waiting
2026-06-17T14:28:29,768.921,1,295.00000,296.25950,1.25950,295.00000,-0.03957897,0,-0.03957897,0,0.000,waiting
2026-06-17T14:28:32,771.453,1,295.00000,296.25950,1.25950,295.00000,-0.03957895,0,-0.03957895,0,0.000,waiting
2026-06-17T14:28:34,773.984,1,295.00000,296.25910,1.25910,295.00000,-0.03957898,0,-0.03957898,0,0.000,waiting
2026-06-17T14:28:37,776.515,1,295.00000,296.25950,1.25950,295.00000,-0.03957902,0,-0.03957902,0,0.000,waiting
2026-06-17T14:28:39,779.046,1,295.00000,296.25910,1.25910,295.00000,-0.03957915,0,-0.03957915,0,0.000,waiting
2026-06-17T14:28:42,781.578,1,295.00000,296.25990,1.25990,295.00000,-0.03957908,0,-0.03957908,0,0.000,waiting
2026-06-17T14:28:44,784.109,1,295.00000,296.25990,1.25990,295.00000,-0.03957906,0,-0.03957906,0,0.000,waiting
2026-06-17T14:28:47,786.640,1,295.00000,296.26040,1.26040,295.00000,-0.03957892,0,-0.03957892,0,0.000,waiting
2026-06-17T14:28:49,789.171,1,295.00000,296.25950,1.25950,295.00000,-0.03957855,0,-0.03957855,0,0.000,waiting
2026-06-17T14:28:52,791.703,1,295.00000,296.25860,1.25860,295.00000,-0.03957892,0,-0.03957892,0,0.000,waiting
2026-06-17T14:28:55,794.234,1,295.00000,296.25950,1.25950,295.00000,-0.03957929,0,-0.03957929,0,0.000,waiting
2026-06-17T14:28:57,796.765,1,295.00000,296.25950,1.25950,295.00000,-0.03957936,0,-0.03957936,0,0.000,waiting
2026-06-17T14:29:00,799.296,1,295.00000,296.25910,1.25910,295.00000,-0.03957909,0,-0.03957909,0,0.000,waiting
2026-06-17T14:29:02,801.828,1,295.00000,296.25950,1.25950,295.00000,-0.03957882,0,-0.03957882,0,0.000,waiting
2026-06-17T14:29:05,804.359,1,295.00000,296.25910,1.25910,295.00000,-0.03957927,0,-0.03957927,0,0.000,waiting
2026-06-17T14:29:07,806.890,1,295.00000,296.25990,1.25990,295.00000,-0.03957896,0,-0.03957896,0,0.000,waiting
2026-06-17T14:29:10,809.421,1,295.00000,296.25990,1.25990,295.00000,-0.03957897,0,-0.03957897,0,0.000,waiting
2026-06-17T14:29:12,811.953,1,295.00000,296.25990,1.25990,295.00000,-0.03957922,0,-0.03957922,0,0.000,waiting
2026-06-17T14:29:15,814.484,1,295.00000,296.25950,1.25950,295.00000,-0.03957933,0,-0.03957933,0,0.000,waiting
2026-06-17T14:29:17,817.015,1,295.00000,296.25910,1.25910,295.00000,-0.03957912,0,-0.03957912,0,0.000,waiting
2026-06-17T14:29:20,819.546,1,295.00000,296.26040,1.26040,295.00000,-0.03957913,0,-0.03957913,0,0.000,waiting
2026-06-17T14:29:22,822.078,1,295.00000,296.26080,1.26080,295.00000,-0.03957905,0,-0.03957905,0,0.000,waiting
2026-06-17T14:29:25,824.609,1,295.00000,296.26080,1.26080,295.00000,-0.03957892,0,-0.03957892,0,0.000,waiting
2026-06-17T14:29:27,827.140,1,295.00000,296.26080,1.26080,295.00000,-0.03957911,0,-0.03957911,0,0.000,waiting
2026-06-17T14:29:30,829.671,1,295.00000,296.25990,1.25990,295.00000,-0.03957911,0,-0.03957911,0,0.000,waiting
2026-06-17T14:29:36,832.203,1,295.00000,296.25990,1.25990,295.00000,-0.03957905,0,-0.03957905,0,0.000,waiting
2026-06-17T14:29:39,838.500,1,295.00000,296.26040,1.26040,295.00000,-0.03957864,0,-0.03957864,0,0.000,waiting
2026-06-17T14:29:41,841.031,1,295.00000,296.26080,1.26080,295.00000,-0.03957919,0,-0.03957919,0,0.000,waiting
2026-06-17T14:29:44,843.562,1,295.00000,296.26130,1.26130,295.00000,-0.0395793,0,-0.0395793,0,0.000,waiting
2026-06-17T14:29:46,846.078,1,295.00000,296.26130,1.26130,295.00000,-0.03957891,0,-0.03957891,0,0.000,waiting
2026-06-17T14:29:49,848.640,1,295.00000,296.25990,1.25990,295.00000,-0.03957903,0,-0.03957903,0,0.000,waiting
2026-06-17T14:29:51,851.171,1,295.00000,296.26080,1.26080,295.00000,-0.03957945,0,-0.03957945,0,0.000,waiting
2026-06-17T14:29:54,853.703,1,295.00000,296.26080,1.26080,295.00000,-0.0395794,0,-0.0395794,0,0.000,waiting
2026-06-17T14:29:57,856.218,1,295.00000,296.26170,1.26170,295.00000,-0.03957889,0,-0.03957889,0,0.000,waiting
2026-06-17T14:29:59,858.750,1,295.00000,296.26080,1.26080,295.00000,-0.03957933,0,-0.03957933,0,0.000,waiting
2026-06-17T14:30:02,861.281,1,295.00000,296.26170,1.26170,295.00000,-0.03957924,0,-0.03957924,0,0.000,waiting
2026-06-17T14:30:04,863.812,1,295.00000,296.26170,1.26170,295.00000,-0.03957911,0,-0.03957911,0,0.000,waiting
2026-06-17T14:30:07,866.328,1,295.00000,296.26210,1.26210,295.00000,-0.03957899,0,-0.03957899,0,0.000,waiting
2026-06-17T14:30:09,868.859,1,295.00000,296.26260,1.26260,295.00000,-0.03957891,0,-0.03957891,0,0.000,waiting
2026-06-17T14:30:12,871.390,1,295.00000,296.26260,1.26260,295.00000,-0.03957956,0,-0.03957956,0,0.000,waiting
2026-06-17T14:30:14,873.906,1,295.00000,296.26300,1.26300,295.00000,-0.0395792,0,-0.0395792,0,0.000,waiting
2026-06-17T14:30:17,876.437,1,295.00000,296.26300,1.26300,295.00000,-0.03957884,0,-0.03957884,0,0.000,waiting
2026-06-17T14:30:19,878.968,1,295.00000,296.26300,1.26300,295.00000,-0.03957934,0,-0.03957934,0,0.000,waiting
2026-06-17T14:30:22,881.500,1,295.00000,296.26390,1.26390,295.00000,-0.03957915,0,-0.03957915,0,0.000,waiting
2026-06-17T14:30:24,884.015,1,295.00000,296.26350,1.26350,295.00000,-0.03957915,0,-0.03957915,0,0.000,waiting
2026-06-17T14:30:27,886.546,1,295.00000,296.26300,1.26300,295.00000,-0.0395791,0,-0.0395791,0,0.000,waiting
2026-06-17T14:30:29,889.078,1,295.00000,296.26390,1.26390,295.00000,-0.03957934,0,-0.03957934,0,0.000,waiting
2026-06-17T14:30:32,891.593,1,295.00000,296.26390,1.26390,295.00000,-0.03957911,0,-0.03957911,0,0.000,waiting
2026-06-17T14:30:34,894.125,1,295.00000,296.26390,1.26390,295.00000,-0.03957929,0,-0.03957929,0,0.000,waiting
2026-06-17T14:30:37,896.656,1,295.00000,296.26480,1.26480,295.00000,-0.03957953,0,-0.03957953,0,0.000,waiting
2026-06-17T14:30:39,899.171,1,295.00000,296.26440,1.26440,295.00000,-0.03957933,0,-0.03957933,0,0.000,waiting
2026-06-17T14:30:42,901.703,1,295.00000,296.26390,1.26390,295.00000,-0.03957899,0,-0.03957899,0,0.000,waiting
2026-06-17T14:30:45,904.234,1,295.00000,296.26520,1.26520,295.00000,-0.03957948,0,-0.03957948,0,0.000,waiting
2026-06-17T14:30:47,906.765,1,295.00000,296.26480,1.26480,295.00000,-0.0395791,0,-0.0395791,0,0.000,waiting
2026-06-17T14:30:50,909.281,1,295.00000,296.26480,1.26480,295.00000,-0.03957966,0,-0.03957966,0,0.000,waiting
2026-06-17T14:30:52,911.812,1,295.00000,296.26480,1.26480,295.00000,-0.03957967,0,-0.03957967,0,0.000,waiting
2026-06-17T14:30:55,914.343,1,295.00000,296.26570,1.26570,295.00000,-0.03957935,0,-0.03957935,0,0.000,waiting
2026-06-17T14:30:57,916.859,1,295.00000,296.26520,1.26520,295.00000,-0.03957947,0,-0.03957947,0,0.000,waiting
2026-06-17T14:31:00,919.390,1,295.00000,296.26520,1.26520,295.00000,-0.03957914,0,-0.03957914,0,0.000,waiting
2026-06-17T14:31:02,921.921,1,295.00000,296.26610,1.26610,295.00000,-0.03957931,0,-0.03957931,0,0.000,waiting
2026-06-17T14:31:05,924.453,1,295.00000,296.26740,1.26740,295.00000,-0.03957897,0,-0.03957897,0,0.000,waiting
2026-06-17T14:31:07,926.968,1,295.00000,296.26660,1.26660,295.00000,-0.03957921,0,-0.03957921,0,0.000,waiting
2026-06-17T14:31:10,929.500,1,295.00000,296.26660,1.26660,295.00000,-0.03957962,0,-0.03957962,0,0.000,waiting
2026-06-17T14:31:12,932.031,1,295.00000,296.26660,1.26660,295.00000,-0.03957962,0,-0.03957962,0,0.000,waiting
2026-06-17T14:31:15,934.562,1,295.00000,296.26700,1.26700,295.00000,-0.03957939,0,-0.03957939,0,0.000,waiting
2026-06-17T14:31:17,937.093,1,295.00000,296.26740,1.26740,295.00000,-0.03957976,0,-0.03957976,0,0.000,waiting
2026-06-17T14:31:20,939.625,1,295.00000,296.26740,1.26740,295.00000,-0.0395795,0,-0.0395795,0,0.000,waiting
2026-06-17T14:31:22,942.156,1,295.00000,296.26660,1.26660,295.00000,-0.03957924,0,-0.03957924,0,0.000,waiting
2026-06-17T14:31:25,944.687,1,295.00000,296.26610,1.26610,295.00000,-0.03957936,0,-0.03957936,0,0.000,waiting
2026-06-17T14:31:28,947.234,1,295.00000,296.26700,1.26700,295.00000,-0.03957907,0,-0.03957907,0,0.000,waiting
2026-06-17T14:31:30,949.765,1,295.00000,296.26830,1.26830,295.00000,-0.03957943,0,-0.03957943,0,0.000,waiting
2026-06-17T14:31:33,952.296,1,295.00000,296.26880,1.26880,295.00000,-0.03957973,0,-0.03957973,0,0.000,waiting
2026-06-17T14:31:35,954.828,1,295.00000,296.26920,1.26920,295.00000,-0.03957959,0,-0.03957959,0,0.000,waiting
2026-06-17T14:31:38,957.359,1,295.00000,296.26920,1.26920,295.00000,-0.03957926,0,-0.03957926,0,0.000,waiting
2026-06-17T14:31:40,959.890,1,295.00000,296.26830,1.26830,295.00000,-0.03957949,0,-0.03957949,0,0.000,waiting
2026-06-17T14:31:43,962.421,1,295.00000,296.26830,1.26830,295.00000,-0.03957938,0,-0.03957938,0,0.000,waiting
2026-06-17T14:31:45,964.953,1,295.00000,296.26960,1.26960,295.00000,-0.0395796,0,-0.0395796,0,0.000,waiting
2026-06-17T14:31:48,967.484,1,295.00000,296.26920,1.26920,295.00000,-0.0395796,0,-0.0395796,0,0.000,waiting
2026-06-17T14:31:50,970.015,1,295.00000,296.26920,1.26920,295.00000,-0.0395795,0,-0.0395795,0,0.000,waiting
2026-06-17T14:31:53,972.546,1,295.00000,296.26960,1.26960,295.00000,-0.03957944,0,-0.03957944,0,0.000,waiting
2026-06-17T14:31:55,975.078,1,295.00000,296.27010,1.27010,295.00000,-0.03957952,0,-0.03957952,0,0.000,waiting
2026-06-17T14:31:58,977.609,1,295.00000,296.26960,1.26960,295.00000,-0.03957941,0,-0.03957941,0,0.000,waiting
2026-06-17T14:32:00,980.203,1,295.00000,296.27100,1.27100,295.00000,-0.03957929,0,-0.03957929,0,0.000,waiting
2026-06-17T14:32:03,982.734,1,295.00000,296.27100,1.27100,295.00000,-0.03957901,0,-0.03957901,0,0.000,waiting
2026-06-17T14:32:06,985.281,1,295.00000,296.27180,1.27180,295.00000,-0.03957988,0,-0.03957988,0,0.000,waiting
2026-06-17T14:32:08,987.828,1,295.00000,296.27180,1.27180,295.00000,-0.0395797,0,-0.0395797,0,0.000,waiting
2026-06-17T14:32:11,990.343,1,295.00000,296.27230,1.27230,295.00000,-0.03957952,0,-0.03957952,0,0.000,waiting
2026-06-17T14:32:13,992.875,1,295.00000,296.27180,1.27180,295.00000,-0.0395795,0,-0.0395795,0,0.000,waiting
2026-06-17T14:32:16,995.406,1,295.00000,296.27320,1.27320,295.00000,-0.03957945,0,-0.03957945,0,0.000,waiting
2026-06-17T14:32:18,997.937,1,295.00000,296.27360,1.27360,295.00000,-0.03957942,0,-0.03957942,0,0.000,waiting
2026-06-17T14:32:21,1000.468,1,295.00000,296.27410,1.27410,295.00000,-0.03957928,0,-0.03957928,0,0.000,waiting
2026-06-17T14:32:23,1003.000,1,295.00000,296.27230,1.27230,295.00000,-0.03957934,0,-0.03957934,0,0.000,waiting
2026-06-17T14:32:26,1005.515,1,295.00000,296.27360,1.27360,295.00000,-0.03957946,0,-0.03957946,0,0.000,waiting
2026-06-17T14:32:28,1008.046,1,295.00000,296.27360,1.27360,295.00000,-0.03957949,0,-0.03957949,0,0.000,waiting
2026-06-17T14:32:31,1010.578,1,295.00000,296.27490,1.27490,295.00000,-0.03957947,0,-0.03957947,0,0.000,waiting
2026-06-17T14:32:33,1013.109,1,295.00000,296.27450,1.27450,295.00000,-0.03957977,0,-0.03957977,0,0.000,waiting
2026-06-17T14:32:36,1015.640,1,295.00000,296.27450,1.27450,295.00000,-0.03957955,0,-0.03957955,0,0.000,waiting
2026-06-17T14:32:39,1018.171,1,295.00000,296.27580,1.27580,295.00000,-0.03957926,0,-0.03957926,0,0.000,waiting
2026-06-17T14:32:41,1020.750,1,295.00000,296.27450,1.27450,295.00000,-0.03957946,0,-0.03957946,0,0.000,waiting
2026-06-17T14:32:44,1023.359,1,295.00000,296.27540,1.27540,295.00000,-0.03957945,0,-0.03957945,0,0.000,waiting
2026-06-17T14:32:46,1025.890,1,295.00000,296.27630,1.27630,295.00000,-0.03957915,0,-0.03957915,0,0.000,waiting
2026-06-17T14:32:49,1028.421,1,295.00000,296.27630,1.27630,295.00000,-0.0395795,0,-0.0395795,0,0.000,waiting
2026-06-17T14:32:51,1030.953,1,295.00000,296.27670,1.27670,295.00000,-0.03957888,0,-0.03957888,0,0.000,waiting
2026-06-17T14:32:54,1033.484,1,295.00000,296.27760,1.27760,295.00000,-0.0395789,0,-0.0395789,0,0.000,waiting
2026-06-17T14:32:56,1036.015,1,295.00000,296.27710,1.27710,295.00000,-0.03957916,0,-0.03957916,0,0.000,waiting
2026-06-17T14:32:59,1038.546,1,295.00000,296.27670,1.27670,295.00000,-0.03957915,0,-0.03957915,0,0.000,waiting
2026-06-17T14:33:01,1041.078,1,295.00000,296.27890,1.27890,295.00000,-0.03957903,0,-0.03957903,0,0.000,waiting
2026-06-17T14:33:04,1043.609,1,295.00000,296.27890,1.27890,295.00000,-0.03957936,0,-0.03957936,0,0.000,waiting
2026-06-17T14:33:06,1046.125,1,295.00000,296.27850,1.27850,295.00000,-0.03957919,0,-0.03957919,0,0.000,waiting
2026-06-17T14:33:09,1048.656,1,295.00000,296.27940,1.27940,295.00000,-0.03957923,0,-0.03957923,0,0.000,waiting
2026-06-17T14:33:11,1051.187,1,295.00000,296.27980,1.27980,295.00000,-0.03957925,0,-0.03957925,0,0.000,waiting
2026-06-17T14:33:14,1053.718,1,295.00000,296.27980,1.27980,295.00000,-0.03957954,0,-0.03957954,0,0.000,waiting
2026-06-17T14:33:17,1056.250,1,295.00000,296.28110,1.28110,295.00000,-0.03957944,0,-0.03957944,0,0.000,waiting
2026-06-17T14:33:19,1058.781,1,295.00000,296.27980,1.27980,295.00000,-0.0395797,0,-0.0395797,0,0.000,waiting
2026-06-17T14:33:25,1061.312,1,295.00000,296.28110,1.28110,295.00000,-0.03957931,0,-0.03957931,0,0.000,waiting
2026-06-17T14:33:28,1067.593,1,295.00000,296.28240,1.28240,295.00000,-0.03957946,0,-0.03957946,0,0.000,waiting
2026-06-17T14:33:30,1070.125,1,295.00000,296.28200,1.28200,295.00000,-0.03957966,0,-0.03957966,0,0.000,waiting
2026-06-17T14:33:33,1072.656,1,295.00000,296.28240,1.28240,295.00000,-0.03957968,0,-0.03957968,0,0.000,waiting
2026-06-17T14:33:39,1075.187,1,295.00000,296.28240,1.28240,295.00000,-0.03957975,0,-0.03957975,0,0.000,waiting
2026-06-17T14:33:42,1081.484,1,295.00000,296.28370,1.28370,295.00000,-0.03957951,0,-0.03957951,0,0.000,waiting
2026-06-17T14:33:44,1084.015,1,295.00000,296.28510,1.28510,295.00000,-0.0395796,0,-0.0395796,0,0.000,waiting
2026-06-17T14:33:47,1086.546,1,295.00000,296.28460,1.28460,295.00000,-0.03957995,0,-0.03957995,0,0.000,waiting
2026-06-17T14:33:49,1089.062,1,295.00000,296.28550,1.28550,295.00000,-0.03957992,0,-0.03957992,0,0.000,waiting
2026-06-17T14:33:52,1091.593,1,295.00000,296.28640,1.28640,295.00000,-0.03957977,0,-0.03957977,0,0.000,waiting
2026-06-17T14:33:54,1094.125,1,295.00000,296.28680,1.28680,295.00000,-0.03957953,0,-0.03957953,0,0.000,waiting
2026-06-17T14:33:57,1096.656,1,295.00000,296.28680,1.28680,295.00000,-0.03957965,0,-0.03957965,0,0.000,waiting
2026-06-17T14:33:59,1099.187,1,295.00000,296.28680,1.28680,295.00000,-0.03957969,0,-0.03957969,0,0.000,waiting
2026-06-17T14:34:02,1101.718,1,295.00000,296.28640,1.28640,295.00000,-0.0395794,0,-0.0395794,0,0.000,waiting
2026-06-17T14:34:05,1104.250,1,295.00000,296.28680,1.28680,295.00000,-0.03957958,0,-0.03957958,0,0.000,waiting
2026-06-17T14:34:07,1106.781,1,295.00000,296.28680,1.28680,295.00000,-0.03957945,0,-0.03957945,0,0.000,waiting
2026-06-17T14:34:10,1109.312,1,295.00000,296.28730,1.28730,295.00000,-0.03957931,0,-0.03957931,0,0.000,waiting
2026-06-17T14:34:12,1111.843,1,295.00000,296.28820,1.28820,295.00000,-0.03957951,0,-0.03957951,0,0.000,waiting
2026-06-17T14:34:15,1114.375,1,295.00000,296.28860,1.28860,295.00000,-0.03957944,0,-0.03957944,0,0.000,waiting
2026-06-17T14:34:17,1116.906,1,295.00000,296.28820,1.28820,295.00000,-0.03957986,0,-0.03957986,0,0.000,waiting
2026-06-17T14:34:20,1119.437,1,295.00000,296.28900,1.28900,295.00000,-0.03957964,0,-0.03957964,0,0.000,waiting
2026-06-17T14:34:22,1121.968,1,295.00000,296.28950,1.28950,295.00000,-0.03957955,0,-0.03957955,0,0.000,waiting
2026-06-17T14:34:25,1124.500,1,295.00000,296.28900,1.28900,295.00000,-0.03957908,0,-0.03957908,0,0.000,waiting
2026-06-17T14:34:27,1127.031,1,295.00000,296.29040,1.29040,295.00000,-0.0395796,0,-0.0395796,0,0.000,waiting
2026-06-17T14:34:30,1129.562,1,295.00000,296.29170,1.29170,295.00000,-0.03957974,0,-0.03957974,0,0.000,waiting
2026-06-17T14:34:32,1132.093,1,295.00000,296.29210,1.29210,295.00000,-0.03957969,0,-0.03957969,0,0.000,waiting
2026-06-17T14:34:35,1134.625,1,295.00000,296.29080,1.29080,295.00000,-0.03957988,0,-0.03957988,0,0.000,waiting
2026-06-17T14:34:37,1137.156,1,295.00000,296.29170,1.29170,295.00000,-0.03957953,0,-0.03957953,0,0.000,waiting
2026-06-17T14:34:40,1139.687,1,295.00000,296.29130,1.29130,295.00000,-0.03957956,0,-0.03957956,0,0.000,waiting
2026-06-17T14:34:43,1142.218,1,295.00000,296.29300,1.29300,295.00000,-0.03957943,0,-0.03957943,0,0.000,waiting
2026-06-17T14:34:45,1144.796,1,295.00000,296.29260,1.29260,295.00000,-0.03957971,0,-0.03957971,0,0.000,waiting
2026-06-17T14:34:48,1147.328,1,295.00000,296.29390,1.29390,295.00000,-0.03957967,0,-0.03957967,0,0.000,waiting
2026-06-17T14:34:50,1149.906,1,295.00000,296.29430,1.29430,295.00000,-0.03957982,0,-0.03957982,0,0.000,waiting
2026-06-17T14:34:53,1152.437,1,295.00000,296.29480,1.29480,295.00000,-0.03957968,0,-0.03957968,0,0.000,waiting
2026-06-17T14:34:55,1154.968,1,295.00000,296.29430,1.29430,295.00000,-0.0395798,0,-0.0395798,0,0.000,waiting
2026-06-17T14:34:58,1157.500,1,295.00000,296.29350,1.29350,295.00000,-0.03958015,0,-0.03958015,0,0.000,waiting
2026-06-17T14:35:00,1160.031,1,295.00000,296.29520,1.29520,295.00000,-0.03958001,0,-0.03958001,0,0.000,waiting
2026-06-17T14:35:03,1162.562,1,295.00000,296.29650,1.29650,295.00000,-0.0395799,0,-0.0395799,0,0.000,waiting
2026-06-17T14:35:05,1165.093,1,295.00000,296.29610,1.29610,295.00000,-0.03958003,0,-0.03958003,0,0.000,waiting
2026-06-17T14:35:08,1167.625,1,295.00000,296.29610,1.29610,295.00000,-0.03958015,0,-0.03958015,0,0.000,waiting
2026-06-17T14:35:14,1170.156,1,295.00000,296.29650,1.29650,295.00000,-0.03958033,0,-0.03958033,0,0.000,waiting
2026-06-17T14:35:17,1176.437,1,295.00000,296.29830,1.29830,295.00000,-0.03957993,0,-0.03957993,0,0.000,waiting
2026-06-17T14:35:19,1178.968,1,295.00000,296.29790,1.29790,295.00000,-0.03957993,0,-0.03957993,0,0.000,waiting
2026-06-17T14:35:22,1181.500,1,295.00000,296.29790,1.29790,295.00000,-0.03957997,0,-0.03957997,0,0.000,waiting
2026-06-17T14:35:24,1184.031,1,295.00000,296.29920,1.29920,295.00000,-0.03958054,0,-0.03958054,0,0.000,waiting
2026-06-17T14:35:27,1186.546,1,295.00000,296.30010,1.30010,295.00000,-0.03958037,0,-0.03958037,0,0.000,waiting
2026-06-17T14:35:29,1189.078,1,295.00000,296.30090,1.30090,295.00000,-0.03958036,0,-0.03958036,0,0.000,waiting
2026-06-17T14:35:32,1191.609,1,295.00000,296.30050,1.30050,295.00000,-0.03958046,0,-0.03958046,0,0.000,waiting
2026-06-17T14:35:34,1194.140,1,295.00000,296.30090,1.30090,295.00000,-0.03958027,0,-0.03958027,0,0.000,waiting
2026-06-17T14:35:37,1196.671,1,295.00000,296.30050,1.30050,295.00000,-0.03957991,0,-0.03957991,0,0.000,waiting
2026-06-17T14:35:39,1199.203,1,295.00000,296.30230,1.30230,295.00000,-0.03958037,0,-0.03958037,0,0.000,waiting
2026-06-17T14:35:42,1201.734,1,295.00000,296.30230,1.30230,295.00000,-0.03958043,0,-0.03958043,0,0.000,waiting
2026-06-17T14:35:45,1204.250,1,295.00000,296.30320,1.30320,295.00000,-0.03958059,0,-0.03958059,0,0.000,waiting
2026-06-17T14:35:51,1206.781,1,295.00000,296.30360,1.30360,295.00000,-0.03958013,0,-0.03958013,0,0.000,waiting
2026-06-17T14:35:53,1213.109,1,295.00000,296.30400,1.30400,295.00000,-0.03958069,0,-0.03958069,0,0.000,waiting
2026-06-17T14:35:56,1215.640,1,295.00000,296.30540,1.30540,295.00000,-0.03958019,0,-0.03958019,0,0.000,waiting
2026-06-17T14:35:58,1218.218,1,295.00000,296.30540,1.30540,295.00000,-0.03958,0,-0.03958,0,0.000,waiting
2026-06-17T14:36:01,1220.750,1,295.00000,296.30540,1.30540,295.00000,-0.03957999,0,-0.03957999,0,0.000,waiting
2026-06-17T14:36:04,1223.281,1,295.00000,296.30620,1.30620,295.00000,-0.03957999,0,-0.03957999,0,0.000,waiting
2026-06-17T14:36:06,1225.812,1,295.00000,296.30540,1.30540,295.00000,-0.0395795,0,-0.0395795,0,0.000,waiting
2026-06-17T14:36:09,1228.343,1,295.00000,296.30620,1.30620,295.00000,-0.03957975,0,-0.03957975,0,0.000,waiting
2026-06-17T14:36:11,1230.875,1,295.00000,296.30670,1.30670,295.00000,-0.0395799,0,-0.0395799,0,0.000,waiting
2026-06-17T14:36:14,1233.390,1,295.00000,296.30620,1.30620,295.00000,-0.03957943,0,-0.03957943,0,0.000,waiting
2026-06-17T14:36:16,1235.921,1,295.00000,296.30750,1.30750,295.00000,-0.0395791,0,-0.0395791,0,0.000,waiting
2026-06-17T14:36:19,1238.453,1,295.00000,296.30710,1.30710,295.00000,-0.03957936,0,-0.03957936,0,0.000,waiting
2026-06-17T14:36:21,1240.984,1,295.00000,296.30710,1.30710,295.00000,-0.03957979,0,-0.03957979,0,0.000,waiting
2026-06-17T14:36:24,1243.515,1,295.00000,296.30750,1.30750,295.00000,-0.03957993,0,-0.03957993,0,0.000,waiting
2026-06-17T14:36:26,1246.046,1,295.00000,296.30840,1.30840,295.00000,-0.03957955,0,-0.03957955,0,0.000,waiting
2026-06-17T14:36:29,1248.578,1,295.00000,296.30750,1.30750,295.00000,-0.03957942,0,-0.03957942,0,0.000,waiting
2026-06-17T14:36:31,1251.109,1,295.00000,296.30750,1.30750,295.00000,-0.03957959,0,-0.03957959,0,0.000,waiting
2026-06-17T14:36:34,1253.625,1,295.00000,296.30750,1.30750,295.00000,-0.03957962,0,-0.03957962,0,0.000,waiting
2026-06-17T14:36:36,1256.156,1,295.00000,296.30800,1.30800,295.00000,-0.03957947,0,-0.03957947,0,0.000,waiting
2026-06-17T14:36:39,1258.687,1,295.00000,296.30750,1.30750,295.00000,-0.03957926,0,-0.03957926,0,0.000,waiting
2026-06-17T14:36:41,1261.218,1,295.00000,296.30840,1.30840,295.00000,-0.03957958,0,-0.03957958,0,0.000,waiting
2026-06-17T14:36:44,1263.750,1,295.00000,296.30890,1.30890,295.00000,-0.03957911,0,-0.03957911,0,0.000,waiting
2026-06-17T14:36:47,1266.281,1,295.00000,296.30890,1.30890,295.00000,-0.03957872,0,-0.03957872,0,0.000,waiting
2026-06-17T14:36:49,1268.796,1,295.00000,296.30890,1.30890,295.00000,-0.03957949,0,-0.03957949,0,0.000,waiting
2026-06-17T14:36:52,1271.328,1,295.00000,296.30890,1.30890,295.00000,-0.03957931,0,-0.03957931,0,0.000,waiting
2026-06-17T14:36:54,1273.859,1,295.00000,296.30890,1.30890,295.00000,-0.03957909,0,-0.03957909,0,0.000,waiting
2026-06-17T14:36:57,1276.390,1,295.00000,296.30890,1.30890,295.00000,-0.039579,0,-0.039579,0,0.000,waiting
2026-06-17T14:36:59,1278.921,1,295.00000,296.30840,1.30840,295.00000,-0.0395795,0,-0.0395795,0,0.000,waiting
2026-06-17T14:37:02,1281.453,1,295.00000,296.31020,1.31020,295.00000,-0.03957929,0,-0.03957929,0,0.000,waiting
2026-06-17T14:37:04,1283.984,1,295.00000,296.30890,1.30890,295.00000,-0.03957947,0,-0.03957947,0,0.000,waiting
2026-06-17T14:37:07,1286.500,1,295.00000,296.30930,1.30930,295.00000,-0.03957963,0,-0.03957963,0,0.000,waiting
2026-06-17T14:37:09,1289.031,1,295.00000,296.31020,1.31020,295.00000,-0.03957927,0,-0.03957927,0,0.000,waiting
2026-06-17T14:37:12,1291.562,1,295.00000,296.30930,1.30930,295.00000,-0.03957948,0,-0.03957948,0,0.000,waiting
2026-06-17T14:37:14,1294.093,1,295.00000,296.31020,1.31020,295.00000,-0.03957929,0,-0.03957929,0,0.000,waiting
2026-06-17T14:37:17,1296.609,1,295.00000,296.30930,1.30930,295.00000,-0.03957954,0,-0.03957954,0,0.000,waiting
2026-06-17T14:37:19,1299.140,1,295.00000,296.30980,1.30980,295.00000,-0.03957926,0,-0.03957926,0,0.000,waiting
2026-06-17T14:37:22,1301.671,1,295.00000,296.30980,1.30980,295.00000,-0.03957946,0,-0.03957946,0,0.000,waiting
2026-06-17T14:37:24,1304.203,1,295.00000,296.31020,1.31020,295.00000,-0.03957909,0,-0.03957909,0,0.000,waiting
2026-06-17T14:37:27,1306.734,1,295.00000,296.30980,1.30980,295.00000,-0.03957945,0,-0.03957945,0,0.000,waiting
2026-06-17T14:37:30,1309.265,1,295.00000,296.31020,1.31020,295.00000,-0.03957935,0,-0.03957935,0,0.000,waiting
2026-06-17T14:37:32,1311.781,1,295.00000,296.31060,1.31060,295.00000,-0.03957927,0,-0.03957927,0,0.000,waiting
2026-06-17T14:37:35,1314.312,1,295.00000,296.30980,1.30980,295.00000,-0.03957917,0,-0.03957917,0,0.000,waiting
2026-06-17T14:37:37,1316.843,1,295.00000,296.31020,1.31020,295.00000,-0.03957961,0,-0.03957961,0,0.000,waiting
2026-06-17T14:37:40,1319.375,1,295.00000,296.30980,1.30980,295.00000,-0.03957921,0,-0.03957921,0,0.000,waiting
2026-06-17T14:37:42,1321.906,1,295.00000,296.30980,1.30980,295.00000,-0.03957952,0,-0.03957952,0,0.000,waiting
2026-06-17T14:37:45,1324.421,1,295.00000,296.30980,1.30980,295.00000,-0.03957914,0,-0.03957914,0,0.000,waiting
2026-06-17T14:37:47,1326.953,1,295.00000,296.30840,1.30840,295.00000,-0.0395797,0,-0.0395797,0,0.000,waiting
2026-06-17T14:37:50,1329.484,1,295.00000,296.30930,1.30930,295.00000,-0.03957927,0,-0.03957927,0,0.000,waiting
2026-06-17T14:37:52,1332.015,1,295.00000,296.30980,1.30980,295.00000,-0.03957955,0,-0.03957955,0,0.000,waiting
2026-06-17T14:37:55,1334.546,1,295.00000,296.30890,1.30890,295.00000,-0.03957947,0,-0.03957947,0,0.000,waiting
2026-06-17T14:37:57,1337.078,1,295.00000,296.30930,1.30930,295.00000,-0.03958,0,-0.03958,0,0.000,waiting
2026-06-17T14:38:00,1339.687,1,295.00000,296.30890,1.30890,295.00000,-0.0395798,0,-0.0395798,0,0.000,waiting
2026-06-17T14:38:03,1342.296,1,295.00000,296.30980,1.30980,295.00000,-0.03957961,0,-0.03957961,0,0.000,waiting
2026-06-17T14:38:05,1344.828,1,295.00000,296.30840,1.30840,295.00000,-0.03957974,0,-0.03957974,0,0.000,waiting
2026-06-17T14:38:08,1347.359,1,295.00000,296.30750,1.30750,295.00000,-0.03957949,0,-0.03957949,0,0.000,waiting
2026-06-17T14:38:10,1349.890,1,295.00000,296.30980,1.30980,295.00000,-0.03957969,0,-0.03957969,0,0.000,waiting
2026-06-17T14:38:13,1352.421,1,295.00000,296.30710,1.30710,295.00000,-0.03957942,0,-0.03957942,0,0.000,waiting
2026-06-17T14:38:15,1354.953,1,295.00000,296.30750,1.30750,295.00000,-0.0395795,0,-0.0395795,0,0.000,waiting
2026-06-17T14:38:18,1357.593,1,295.00000,296.30750,1.30750,295.00000,-0.03957909,0,-0.03957909,0,0.000,waiting
2026-06-17T14:38:20,1360.187,1,295.00000,296.30750,1.30750,295.00000,-0.03957935,0,-0.03957935,0,0.000,waiting
2026-06-17T14:38:23,1362.718,1,295.00000,296.30710,1.30710,295.00000,-0.03957939,0,-0.03957939,0,0.000,waiting
2026-06-17T14:38:26,1365.250,1,295.00000,296.30620,1.30620,295.00000,-0.03957916,0,-0.03957916,0,0.000,waiting
2026-06-17T14:38:28,1367.781,1,295.00000,296.30620,1.30620,295.00000,-0.03957976,0,-0.03957976,0,0.000,waiting
2026-06-17T14:38:31,1370.312,1,295.00000,296.30580,1.30580,295.00000,-0.03957929,0,-0.03957929,0,0.000,waiting
2026-06-17T14:38:33,1372.843,1,295.00000,296.30710,1.30710,295.00000,-0.03957976,0,-0.03957976,0,0.000,waiting
2026-06-17T14:38:36,1375.375,1,295.00000,296.30710,1.30710,295.00000,-0.03957955,0,-0.03957955,0,0.000,waiting
2026-06-17T14:38:38,1377.906,1,295.00000,296.30620,1.30620,295.00000,-0.03957966,0,-0.03957966,0,0.000,waiting
2026-06-17T14:38:41,1380.437,1,295.00000,296.30670,1.30670,295.00000,-0.03958001,0,-0.03958001,0,0.000,waiting
2026-06-17T14:38:43,1382.968,1,295.00000,296.30710,1.30710,295.00000,-0.03957943,0,-0.03957943,0,0.000,waiting
2026-06-17T14:38:46,1385.500,1,295.00000,296.30670,1.30670,295.00000,-0.03957917,0,-0.03957917,0,0.000,waiting
2026-06-17T14:38:48,1388.031,1,295.00000,296.30620,1.30620,295.00000,-0.0395794,0,-0.0395794,0,0.000,waiting
2026-06-17T14:38:51,1390.562,1,295.00000,296.30670,1.30670,295.00000,-0.03957917,0,-0.03957917,0,0.000,waiting
2026-06-17T14:38:53,1393.093,1,295.00000,296.30540,1.30540,295.00000,-0.03957941,0,-0.03957941,0,0.000,waiting
2026-06-17T14:38:56,1395.625,1,295.00000,296.30670,1.30670,295.00000,-0.03957971,0,-0.03957971,0,0.000,waiting
2026-06-17T14:38:58,1398.140,1,295.00000,296.30540,1.30540,295.00000,-0.03957926,0,-0.03957926,0,0.000,waiting
2026-06-17T14:39:01,1400.671,1,295.00000,296.30450,1.30450,295.00000,-0.03957949,0,-0.03957949,0,0.000,waiting
2026-06-17T14:39:03,1403.203,1,295.00000,296.30450,1.30450,295.00000,-0.03957943,0,-0.03957943,0,0.000,waiting
2026-06-17T14:39:06,1405.734,1,295.00000,296.30400,1.30400,295.00000,-0.03957937,0,-0.03957937,0,0.000,waiting
2026-06-17T14:39:09,1408.281,1,295.00000,296.30450,1.30450,295.00000,-0.03957904,0,-0.03957904,0,0.000,waiting
2026-06-17T14:39:11,1410.796,1,295.00000,296.30320,1.30320,295.00000,-0.0395793,0,-0.0395793,0,0.000,waiting
2026-06-17T14:39:14,1413.343,1,295.00000,296.30230,1.30230,295.00000,-0.03957921,0,-0.03957921,0,0.000,waiting
2026-06-17T14:39:16,1415.875,1,295.00000,296.30230,1.30230,295.00000,-0.03957954,0,-0.03957954,0,0.000,waiting
2026-06-17T14:39:19,1418.406,1,295.00000,296.30180,1.30180,295.00000,-0.03957964,0,-0.03957964,0,0.000,waiting
2026-06-17T14:39:21,1420.937,1,295.00000,296.30010,1.30010,295.00000,-0.03957947,0,-0.03957947,0,0.000,waiting
2026-06-17T14:39:24,1423.468,1,295.00000,296.30050,1.30050,295.00000,-0.03957945,0,-0.03957945,0,0.000,waiting
2026-06-17T14:39:26,1425.984,1,295.00000,296.30050,1.30050,295.00000,-0.03957937,0,-0.03957937,0,0.000,waiting
2026-06-17T14:39:29,1428.515,1,295.00000,296.30010,1.30010,295.00000,-0.03957929,0,-0.03957929,0,0.000,waiting
2026-06-17T14:39:31,1431.046,1,295.00000,296.29960,1.29960,295.00000,-0.03957941,0,-0.03957941,0,0.000,waiting
2026-06-17T14:39:34,1433.578,1,295.00000,296.30010,1.30010,295.00000,-0.03957897,0,-0.03957897,0,0.000,waiting
2026-06-17T14:39:36,1436.109,1,295.00000,296.29920,1.29920,295.00000,-0.03957901,0,-0.03957901,0,0.000,waiting
2026-06-17T14:39:39,1438.640,1,295.00000,296.29960,1.29960,295.00000,-0.03957962,0,-0.03957962,0,0.000,waiting
2026-06-17T14:39:41,1441.171,1,295.00000,296.29960,1.29960,295.00000,-0.03957851,0,-0.03957851,0,0.000,waiting
2026-06-17T14:39:44,1443.703,1,295.00000,296.29870,1.29870,295.00000,-0.03957921,0,-0.03957921,0,0.000,waiting
2026-06-17T14:39:47,1446.234,1,295.00000,296.29830,1.29830,295.00000,-0.0395786,0,-0.0395786,0,0.000,waiting
2026-06-17T14:39:49,1448.765,1,295.00000,296.29830,1.29830,295.00000,-0.03957911,0,-0.03957911,0,0.000,waiting
2026-06-17T14:39:52,1451.296,1,295.00000,296.29790,1.29790,295.00000,-0.03957925,0,-0.03957925,0,0.000,waiting
2026-06-17T14:39:54,1453.828,1,295.00000,296.29870,1.29870,295.00000,-0.03957939,0,-0.03957939,0,0.000,waiting
2026-06-17T14:39:57,1456.359,1,295.00000,296.29700,1.29700,295.00000,-0.03957924,0,-0.03957924,0,0.000,waiting
2026-06-17T14:39:59,1458.906,1,295.00000,296.29650,1.29650,295.00000,-0.0395792,0,-0.0395792,0,0.000,waiting
2026-06-17T14:40:02,1461.484,1,295.00000,296.29700,1.29700,295.00000,-0.03957921,0,-0.03957921,0,0.000,waiting
2026-06-17T14:40:04,1464.093,1,295.00000,296.29610,1.29610,295.00000,-0.03957943,0,-0.03957943,0,0.000,waiting
2026-06-17T14:40:07,1466.625,1,295.00000,296.29520,1.29520,295.00000,-0.03957986,0,-0.03957986,0,0.000,waiting
2026-06-17T14:40:09,1469.156,1,295.00000,296.29480,1.29480,295.00000,-0.03957933,0,-0.03957933,0,0.000,waiting
2026-06-17T14:40:12,1471.687,1,295.00000,296.29650,1.29650,295.00000,-0.03957976,0,-0.03957976,0,0.000,waiting
2026-06-17T14:40:14,1474.218,1,295.00000,296.29430,1.29430,295.00000,-0.03957982,0,-0.03957982,0,0.000,waiting
2026-06-17T14:40:17,1476.750,1,295.00000,296.29610,1.29610,295.00000,-0.03957966,0,-0.03957966,0,0.000,waiting
2026-06-17T14:40:20,1479.296,1,295.00000,296.29430,1.29430,295.00000,-0.03957952,0,-0.03957952,0,0.000,waiting
2026-06-17T14:40:22,1481.984,1,295.00000,296.29350,1.29350,295.00000,-0.03957959,0,-0.03957959,0,0.000,waiting
2026-06-17T14:40:25,1484.515,1,295.00000,296.29430,1.29430,295.00000,-0.03957925,0,-0.03957925,0,0.000,waiting
2026-06-17T14:40:27,1487.046,1,295.00000,296.29350,1.29350,295.00000,-0.03957994,0,-0.03957994,0,0.000,waiting
2026-06-17T14:40:30,1489.578,1,295.00000,296.29300,1.29300,295.00000,-0.03957967,0,-0.03957967,0,0.000,waiting
2026-06-17T14:40:32,1492.109,1,295.00000,296.29210,1.29210,295.00000,-0.0395795,0,-0.0395795,0,0.000,waiting
2026-06-17T14:40:35,1494.640,1,295.00000,296.29260,1.29260,295.00000,-0.03957949,0,-0.03957949,0,0.000,waiting
2026-06-17T14:40:37,1497.171,1,295.00000,296.29210,1.29210,295.00000,-0.03957941,0,-0.03957941,0,0.000,waiting
2026-06-17T14:40:40,1499.703,1,295.00000,296.29210,1.29210,295.00000,-0.03957966,0,-0.03957966,0,0.000,waiting
2026-06-17T14:40:43,1502.234,1,295.00000,296.29130,1.29130,295.00000,-0.03957907,0,-0.03957907,0,0.000,waiting
2026-06-17T14:40:45,1504.765,1,295.00000,296.29080,1.29080,295.00000,-0.03957997,0,-0.03957997,0,0.000,waiting
2026-06-17T14:40:48,1507.296,1,295.00000,296.28900,1.28900,295.00000,-0.03957959,0,-0.03957959,0,0.000,waiting
2026-06-17T14:40:50,1509.828,1,295.00000,296.28900,1.28900,295.00000,-0.03957952,0,-0.03957952,0,0.000,waiting
2026-06-17T14:40:53,1512.359,1,295.00000,296.28770,1.28770,295.00000,-0.0395793,0,-0.0395793,0,0.000,waiting
2026-06-17T14:40:55,1514.890,1,295.00000,296.28820,1.28820,295.00000,-0.03957998,0,-0.03957998,0,0.000,waiting
2026-06-17T14:40:58,1517.421,1,295.00000,296.28770,1.28770,295.00000,-0.03958058,0,-0.03958058,0,0.000,waiting
2026-06-17T14:41:00,1519.953,1,295.00000,296.28680,1.28680,295.00000,-0.03957986,0,-0.03957986,0,0.000,waiting
2026-06-17T14:41:03,1522.484,1,295.00000,296.28680,1.28680,295.00000,-0.03958005,0,-0.03958005,0,0.000,waiting
2026-06-17T14:41:05,1525.015,1,295.00000,296.28640,1.28640,295.00000,-0.03958014,0,-0.03958014,0,0.000,waiting
2026-06-17T14:41:08,1527.546,1,295.00000,296.28600,1.28600,295.00000,-0.03958026,0,-0.03958026,0,0.000,waiting
2026-06-17T14:41:10,1530.078,1,295.00000,296.28600,1.28600,295.00000,-0.03958049,0,-0.03958049,0,0.000,waiting
2026-06-17T14:41:13,1532.609,1,295.00000,296.28510,1.28510,295.00000,-0.03958023,0,-0.03958023,0,0.000,waiting
2026-06-17T14:41:15,1535.140,1,295.00000,296.28460,1.28460,295.00000,-0.03958078,0,-0.03958078,0,0.000,waiting
2026-06-17T14:41:18,1537.671,1,295.00000,296.28330,1.28330,295.00000,-0.03958102,0,-0.03958102,0,0.000,waiting
2026-06-17T14:41:20,1540.203,1,295.00000,296.28420,1.28420,295.00000,-0.03958058,0,-0.03958058,0,0.000,waiting
2026-06-17T14:41:23,1542.734,1,295.00000,296.28330,1.28330,295.00000,-0.03958112,0,-0.03958112,0,0.000,waiting
2026-06-17T14:41:26,1545.250,1,295.00000,296.28240,1.28240,295.00000,-0.03958009,0,-0.03958009,0,0.000,waiting
2026-06-17T14:41:28,1547.781,1,295.00000,296.28240,1.28240,295.00000,-0.03957995,0,-0.03957995,0,0.000,waiting
2026-06-17T14:41:31,1550.312,1,295.00000,296.28200,1.28200,295.00000,-0.03958047,0,-0.03958047,0,0.000,waiting
2026-06-17T14:41:33,1552.843,1,295.00000,296.28200,1.28200,295.00000,-0.03958016,0,-0.03958016,0,0.000,waiting
2026-06-17T14:41:36,1555.375,1,295.00000,296.28110,1.28110,295.00000,-0.03958031,0,-0.03958031,0,0.000,waiting
2026-06-17T14:41:38,1557.906,1,295.00000,296.28150,1.28150,295.00000,-0.03958043,0,-0.03958043,0,0.000,waiting
2026-06-17T14:41:41,1560.437,1,295.00000,296.28070,1.28070,295.00000,-0.03957982,0,-0.03957982,0,0.000,waiting
2026-06-17T14:41:43,1562.953,1,295.00000,296.28110,1.28110,295.00000,-0.03958031,0,-0.03958031,0,0.000,waiting
2026-06-17T14:41:46,1565.484,1,295.00000,296.28070,1.28070,295.00000,-0.03958028,0,-0.03958028,0,0.000,waiting
2026-06-17T14:41:48,1568.015,1,295.00000,296.27890,1.27890,295.00000,-0.03957973,0,-0.03957973,0,0.000,waiting
2026-06-17T14:41:51,1570.546,1,295.00000,296.27940,1.27940,295.00000,-0.03957976,0,-0.03957976,0,0.000,waiting
2026-06-17T14:41:53,1573.078,1,295.00000,296.27940,1.27940,295.00000,-0.03958008,0,-0.03958008,0,0.000,waiting
2026-06-17T14:41:56,1575.609,1,295.00000,296.27980,1.27980,295.00000,-0.03958005,0,-0.03958005,0,0.000,waiting
2026-06-17T14:41:58,1578.140,1,295.00000,296.27850,1.27850,295.00000,-0.03957993,0,-0.03957993,0,0.000,waiting
2026-06-17T14:42:01,1580.671,1,295.00000,296.27890,1.27890,295.00000,-0.03957999,0,-0.03957999,0,0.000,waiting
2026-06-17T14:42:04,1583.203,1,295.00000,296.27940,1.27940,295.00000,-0.03958025,0,-0.03958025,0,0.000,waiting
2026-06-17T14:42:06,1585.781,1,295.00000,296.27850,1.27850,295.00000,-0.03957993,0,-0.03957993,0,0.000,waiting
2026-06-17T14:42:09,1588.390,1,295.00000,296.27760,1.27760,295.00000,-0.03958011,0,-0.03958011,0,0.000,waiting
2026-06-17T14:42:11,1590.921,1,295.00000,296.27670,1.27670,295.00000,-0.03958103,0,-0.03958103,0,0.000,waiting
2026-06-17T14:42:14,1593.453,1,295.00000,296.27760,1.27760,295.00000,-0.03957998,0,-0.03957998,0,0.000,waiting
2026-06-17T14:42:16,1595.984,1,295.00000,296.27670,1.27670,295.00000,-0.03957996,0,-0.03957996,0,0.000,waiting
2026-06-17T14:42:19,1598.515,1,295.00000,296.27540,1.27540,295.00000,-0.03957997,0,-0.03957997,0,0.000,waiting
2026-06-17T14:42:21,1601.046,1,295.00000,296.27580,1.27580,295.00000,-0.03957994,0,-0.03957994,0,0.000,waiting
2026-06-17T14:42:24,1603.578,1,295.00000,296.27670,1.27670,295.00000,-0.03958004,0,-0.03958004,0,0.000,waiting
2026-06-17T14:42:26,1606.109,1,295.00000,296.27580,1.27580,295.00000,-0.03958067,0,-0.03958067,0,0.000,waiting
2026-06-17T14:42:29,1608.640,1,295.00000,296.27630,1.27630,295.00000,-0.03958058,0,-0.03958058,0,0.000,waiting
2026-06-17T14:42:31,1611.171,1,295.00000,296.27580,1.27580,295.00000,-0.039581,0,-0.039581,0,0.000,waiting
2026-06-17T14:42:34,1613.703,1,295.00000,296.27630,1.27630,295.00000,-0.03958077,0,-0.03958077,0,0.000,waiting
2026-06-17T14:42:37,1616.234,1,295.00000,296.27580,1.27580,295.00000,-0.03958094,0,-0.03958094,0,0.000,waiting
2026-06-17T14:42:39,1618.812,1,295.00000,296.27630,1.27630,295.00000,-0.03958111,0,-0.03958111,0,0.000,waiting
2026-06-17T14:42:42,1621.343,1,295.00000,296.27630,1.27630,295.00000,-0.03958133,0,-0.03958133,0,0.000,waiting
2026-06-17T14:42:44,1623.921,1,295.00000,296.27490,1.27490,295.00000,-0.03958149,0,-0.03958149,0,0.000,waiting
2026-06-17T14:42:47,1626.453,1,295.00000,296.27540,1.27540,295.00000,-0.03958094,0,-0.03958094,0,0.000,waiting
2026-06-17T14:42:49,1629.000,1,295.00000,296.27540,1.27540,295.00000,-0.0395811,0,-0.0395811,0,0.000,waiting
2026-06-17T14:42:52,1631.531,1,295.00000,296.27540,1.27540,295.00000,-0.03958063,0,-0.03958063,0,0.000,waiting
2026-06-17T14:42:54,1634.046,1,295.00000,296.27490,1.27490,295.00000,-0.03958109,0,-0.03958109,0,0.000,waiting
2026-06-17T14:42:57,1636.578,1,295.00000,296.27490,1.27490,295.00000,-0.03958058,0,-0.03958058,0,0.000,waiting
2026-06-17T14:42:59,1639.109,1,295.00000,296.27490,1.27490,295.00000,-0.03958057,0,-0.03958057,0,0.000,waiting
2026-06-17T14:43:02,1641.640,1,295.00000,296.27450,1.27450,295.00000,-0.03958041,0,-0.03958041,0,0.000,waiting
2026-06-17T14:43:04,1644.171,1,295.00000,296.27360,1.27360,295.00000,-0.03958066,0,-0.03958066,0,0.000,waiting
2026-06-17T14:43:07,1646.687,1,295.00000,296.27540,1.27540,295.00000,-0.03957999,0,-0.03957999,0,0.000,waiting
2026-06-17T14:43:10,1649.218,1,295.00000,296.27410,1.27410,295.00000,-0.03958029,0,-0.03958029,0,0.000,waiting
2026-06-17T14:43:12,1651.750,1,295.00000,296.27410,1.27410,295.00000,-0.03958106,0,-0.03958106,0,0.000,waiting
2026-06-17T14:43:15,1654.281,1,295.00000,296.27540,1.27540,295.00000,-0.03958081,0,-0.03958081,0,0.000,waiting
2026-06-17T14:43:17,1656.812,1,295.00000,296.27490,1.27490,295.00000,-0.03958054,0,-0.03958054,0,0.000,waiting
2026-06-17T14:43:20,1659.343,1,295.00000,296.27490,1.27490,295.00000,-0.03958101,0,-0.03958101,0,0.000,waiting
2026-06-17T14:43:22,1661.875,1,295.00000,296.27410,1.27410,295.00000,-0.03958111,0,-0.03958111,0,0.000,waiting
2026-06-17T14:43:25,1664.421,1,295.00000,296.27540,1.27540,295.00000,-0.03958063,0,-0.03958063,0,0.000,waiting
2026-06-17T14:43:27,1667.046,1,295.00000,296.27490,1.27490,295.00000,-0.039581,0,-0.039581,0,0.000,waiting
2026-06-17T14:43:30,1669.578,1,295.00000,296.27360,1.27360,295.00000,-0.03958078,0,-0.03958078,0,0.000,waiting
2026-06-17T14:43:32,1672.109,1,295.00000,296.27540,1.27540,295.00000,-0.03958047,0,-0.03958047,0,0.000,waiting
2026-06-17T14:43:35,1674.640,1,295.00000,296.27410,1.27410,295.00000,-0.03958095,0,-0.03958095,0,0.000,waiting
2026-06-17T14:43:37,1677.171,1,295.00000,296.27580,1.27580,295.00000,-0.03958073,0,-0.03958073,0,0.000,waiting
2026-06-17T14:43:40,1679.687,1,295.00000,296.27540,1.27540,295.00000,-0.03958057,0,-0.03958057,0,0.000,waiting
2026-06-17T14:43:42,1682.218,1,295.00000,296.27490,1.27490,295.00000,-0.03958103,0,-0.03958103,0,0.000,waiting
2026-06-17T14:43:45,1684.750,1,295.00000,296.27450,1.27450,295.00000,-0.03958094,0,-0.03958094,0,0.000,waiting
2026-06-17T14:43:48,1687.281,1,295.00000,296.27490,1.27490,295.00000,-0.03958092,0,-0.03958092,0,0.000,waiting
2026-06-17T14:43:50,1689.796,1,295.00000,296.27410,1.27410,295.00000,-0.03958079,0,-0.03958079,0,0.000,waiting
2026-06-17T14:43:53,1692.328,1,295.00000,296.27450,1.27450,295.00000,-0.03958078,0,-0.03958078,0,0.000,waiting
2026-06-17T14:43:55,1694.859,1,295.00000,296.27540,1.27540,295.00000,-0.03958095,0,-0.03958095,0,0.000,waiting
2026-06-17T14:43:58,1697.390,1,295.00000,296.27410,1.27410,295.00000,-0.03958108,0,-0.03958108,0,0.000,waiting
2026-06-17T14:44:00,1699.921,1,295.00000,296.27320,1.27320,295.00000,-0.03958094,0,-0.03958094,0,0.000,waiting
2026-06-17T14:44:03,1702.437,1,295.00000,296.27360,1.27360,295.00000,-0.03958067,0,-0.03958067,0,0.000,waiting
2026-06-17T14:44:05,1704.968,1,295.00000,296.27450,1.27450,295.00000,-0.03958094,0,-0.03958094,0,0.000,waiting
2026-06-17T14:44:08,1707.500,1,295.00000,296.27410,1.27410,295.00000,-0.03958132,0,-0.03958132,0,0.000,waiting
2026-06-17T14:44:10,1710.125,1,295.00000,296.27410,1.27410,295.00000,-0.03958053,0,-0.03958053,0,0.000,waiting
2026-06-17T14:44:13,1712.734,1,295.00000,296.27450,1.27450,295.00000,-0.0395805,0,-0.0395805,0,0.000,waiting
2026-06-17T14:44:16,1715.250,1,295.00000,296.27490,1.27490,295.00000,-0.03958053,0,-0.03958053,0,0.000,waiting
2026-06-17T14:44:18,1717.781,1,295.00000,296.27490,1.27490,295.00000,-0.03958083,0,-0.03958083,0,0.000,waiting
2026-06-17T14:44:21,1720.312,1,295.00000,296.27490,1.27490,295.00000,-0.0395803,0,-0.0395803,0,0.000,waiting
2026-06-17T14:44:23,1722.843,1,295.00000,296.27450,1.27450,295.00000,-0.03958079,0,-0.03958079,0,0.000,waiting
2026-06-17T14:44:26,1725.375,1,295.00000,296.27540,1.27540,295.00000,-0.03958093,0,-0.03958093,0,0.000,waiting
2026-06-17T14:44:28,1728.015,1,295.00000,296.27540,1.27540,295.00000,-0.03958063,0,-0.03958063,0,0.000,waiting
2026-06-17T14:44:31,1730.625,1,295.00000,296.27410,1.27410,295.00000,-0.03958121,0,-0.03958121,0,0.000,waiting
2026-06-17T14:44:33,1733.140,1,295.00000,296.27490,1.27490,295.00000,-0.03958101,0,-0.03958101,0,0.000,waiting
2026-06-17T14:44:36,1735.671,1,295.00000,296.27580,1.27580,295.00000,-0.03958118,0,-0.03958118,0,0.000,waiting
2026-06-17T14:44:38,1738.203,1,295.00000,296.27540,1.27540,295.00000,-0.03958097,0,-0.03958097,0,0.000,waiting
2026-06-17T14:44:41,1740.734,1,295.00000,296.27540,1.27540,295.00000,-0.03958085,0,-0.03958085,0,0.000,waiting
2026-06-17T14:44:44,1743.265,1,295.00000,296.27540,1.27540,295.00000,-0.03958098,0,-0.03958098,0,0.000,waiting
2026-06-17T14:44:46,1745.796,1,295.00000,296.27540,1.27540,295.00000,-0.03958117,0,-0.03958117,0,0.000,waiting
2026-06-17T14:44:49,1748.328,1,295.00000,296.27490,1.27490,295.00000,-0.03958117,0,-0.03958117,0,0.000,waiting
2026-06-17T14:44:51,1750.859,1,295.00000,296.27540,1.27540,295.00000,-0.03958125,0,-0.03958125,0,0.000,waiting
2026-06-17T14:44:54,1753.390,1,295.00000,296.27540,1.27540,295.00000,-0.03958147,0,-0.03958147,0,0.000,waiting
2026-06-17T14:44:56,1755.921,1,295.00000,296.27580,1.27580,295.00000,-0.0395815,0,-0.0395815,0,0.000,waiting
2026-06-17T14:44:59,1758.453,1,295.00000,296.27540,1.27540,295.00000,-0.03958105,0,-0.03958105,0,0.000,waiting
2026-06-17T14:45:01,1760.984,1,295.00000,296.27540,1.27540,295.00000,-0.03958123,0,-0.03958123,0,0.000,waiting
2026-06-17T14:45:04,1763.500,1,295.00000,296.27540,1.27540,295.00000,-0.03958104,0,-0.03958104,0,0.000,waiting
2026-06-17T14:45:06,1766.046,1,295.00000,296.27630,1.27630,295.00000,-0.03958133,0,-0.03958133,0,0.000,waiting
2026-06-17T14:45:09,1768.578,1,295.00000,296.27670,1.27670,295.00000,-0.03958099,0,-0.03958099,0,0.000,waiting
2026-06-17T14:45:11,1771.093,1,295.00000,296.27710,1.27710,295.00000,-0.03958101,0,-0.03958101,0,0.000,waiting
2026-06-17T14:45:14,1773.625,1,295.00000,296.27670,1.27670,295.00000,-0.03958137,0,-0.03958137,0,0.000,waiting
2026-06-17T14:45:16,1776.156,1,295.00000,296.27760,1.27760,295.00000,-0.03958117,0,-0.03958117,0,0.000,waiting
2026-06-17T14:45:19,1778.687,1,295.00000,296.27630,1.27630,295.00000,-0.03958119,0,-0.03958119,0,0.000,waiting
2026-06-17T14:45:22,1781.218,1,295.00000,296.27760,1.27760,295.00000,-0.03958124,0,-0.03958124,0,0.000,waiting
2026-06-17T14:45:24,1783.750,1,295.00000,296.27760,1.27760,295.00000,-0.03958157,0,-0.03958157,0,0.000,waiting
2026-06-17T14:45:27,1786.281,1,295.00000,296.27760,1.27760,295.00000,-0.03958116,0,-0.03958116,0,0.000,waiting
2026-06-17T14:45:29,1788.812,1,295.00000,296.27760,1.27760,295.00000,-0.03958106,0,-0.03958106,0,0.000,waiting
2026-06-17T14:45:32,1791.343,1,295.00000,296.27760,1.27760,295.00000,-0.03958134,0,-0.03958134,0,0.000,waiting
2026-06-17T14:45:34,1793.875,1,295.00000,296.27710,1.27710,295.00000,-0.03958121,0,-0.03958121,0,0.000,waiting
2026-06-17T14:45:37,1796.406,1,295.00000,296.27800,1.27800,295.00000,-0.03958087,0,-0.03958087,0,0.000,waiting
2026-06-17T14:45:39,1798.937,1,295.00000,296.27850,1.27850,295.00000,-0.03958093,0,-0.03958093,0,0.000,waiting
2026-06-17T14:45:42,1801.468,1,295.00000,296.27890,1.27890,295.00000,-0.03958148,0,-0.03958148,0,0.000,waiting
2026-06-17T14:45:44,1804.000,1,295.00000,296.27940,1.27940,295.00000,-0.03958093,0,-0.03958093,0,0.000,waiting
2026-06-17T14:45:47,1806.531,1,295.00000,296.27760,1.27760,295.00000,-0.03958088,0,-0.03958088,0,0.000,waiting
2026-06-17T14:45:49,1809.062,1,295.00000,296.27800,1.27800,295.00000,-0.03958121,0,-0.03958121,0,0.000,waiting
2026-06-17T14:45:52,1811.578,1,295.00000,296.27940,1.27940,295.00000,-0.03958074,0,-0.03958074,0,0.000,waiting
2026-06-17T14:45:54,1814.109,1,295.00000,296.27890,1.27890,295.00000,-0.0395811,0,-0.0395811,0,0.000,waiting
2026-06-17T14:45:57,1816.640,1,295.00000,296.27890,1.27890,295.00000,-0.03958128,0,-0.03958128,0,0.000,waiting
2026-06-17T14:45:59,1819.171,1,295.00000,296.27850,1.27850,295.00000,-0.03958125,0,-0.03958125,0,0.000,waiting
2026-06-17T14:46:02,1821.703,1,295.00000,296.27890,1.27890,295.00000,-0.03958086,0,-0.03958086,0,0.000,waiting
2026-06-17T14:46:05,1824.234,1,295.00000,296.28070,1.28070,295.00000,-0.03958131,0,-0.03958131,0,0.000,waiting
2026-06-17T14:46:07,1826.765,1,295.00000,296.28020,1.28020,295.00000,-0.03958091,0,-0.03958091,0,0.000,waiting
2026-06-17T14:46:10,1829.296,1,295.00000,296.27940,1.27940,295.00000,-0.0395808,0,-0.0395808,0,0.000,waiting
2026-06-17T14:46:12,1831.828,1,295.00000,296.28070,1.28070,295.00000,-0.039581,0,-0.039581,0,0.000,waiting
2026-06-17T14:46:15,1834.515,1,295.00000,296.28070,1.28070,295.00000,-0.03958106,0,-0.03958106,0,0.000,waiting
2026-06-17T14:46:17,1837.046,1,295.00000,296.28020,1.28020,295.00000,-0.0395807,0,-0.0395807,0,0.000,waiting
2026-06-17T14:46:20,1839.578,1,295.00000,296.28110,1.28110,295.00000,-0.03958085,0,-0.03958085,0,0.000,waiting
2026-06-17T14:46:22,1842.109,1,295.00000,296.28070,1.28070,295.00000,-0.03958081,0,-0.03958081,0,0.000,waiting
2026-06-17T14:46:25,1844.640,1,295.00000,296.28200,1.28200,295.00000,-0.0395805,0,-0.0395805,0,0.000,waiting
2026-06-17T14:46:27,1847.171,1,295.00000,296.28200,1.28200,295.00000,-0.03958051,0,-0.03958051,0,0.000,waiting
2026-06-17T14:46:30,1849.687,1,295.00000,296.28200,1.28200,295.00000,-0.03958064,0,-0.03958064,0,0.000,waiting
2026-06-17T14:46:33,1852.218,1,295.00000,296.28290,1.28290,295.00000,-0.039581,0,-0.039581,0,0.000,waiting
2026-06-17T14:46:35,1854.750,1,295.00000,296.28240,1.28240,295.00000,-0.03958102,0,-0.03958102,0,0.000,waiting
2026-06-17T14:46:38,1857.281,1,295.00000,296.28330,1.28330,295.00000,-0.03958039,0,-0.03958039,0,0.000,waiting
2026-06-17T14:46:40,1859.812,1,295.00000,296.28290,1.28290,295.00000,-0.03958043,0,-0.03958043,0,0.000,waiting
2026-06-17T14:46:43,1862.359,1,295.00000,296.28370,1.28370,295.00000,-0.03958054,0,-0.03958054,0,0.000,waiting
2026-06-17T14:46:45,1864.937,1,295.00000,296.28330,1.28330,295.00000,-0.03958069,0,-0.03958069,0,0.000,waiting
2026-06-17T14:46:48,1867.468,1,295.00000,296.28420,1.28420,295.00000,-0.03958075,0,-0.03958075,0,0.000,waiting
2026-06-17T14:46:50,1870.046,1,295.00000,296.28460,1.28460,295.00000,-0.0395806,0,-0.0395806,0,0.000,waiting
2026-06-17T14:46:53,1872.593,1,295.00000,296.28510,1.28510,295.00000,-0.03958065,0,-0.03958065,0,0.000,waiting
2026-06-17T14:46:55,1875.125,1,295.00000,296.28510,1.28510,295.00000,-0.03958058,0,-0.03958058,0,0.000,waiting
2026-06-17T14:46:58,1877.671,1,295.00000,296.28460,1.28460,295.00000,-0.03958033,0,-0.03958033,0,0.000,waiting
2026-06-17T14:47:00,1880.203,1,295.00000,296.28510,1.28510,295.00000,-0.03958054,0,-0.03958054,0,0.000,waiting
2026-06-17T14:47:03,1882.718,1,295.00000,296.28600,1.28600,295.00000,-0.03958045,0,-0.03958045,0,0.000,waiting
2026-06-17T14:47:06,1885.250,1,295.00000,296.28680,1.28680,295.00000,-0.03958055,0,-0.03958055,0,0.000,waiting
2026-06-17T14:47:08,1887.781,1,295.00000,296.28640,1.28640,295.00000,-0.03958037,0,-0.03958037,0,0.000,waiting
2026-06-17T14:47:14,1890.312,1,295.00000,296.28600,1.28600,295.00000,-0.03958075,0,-0.03958075,0,0.000,waiting
2026-06-17T14:47:17,1896.640,1,295.00000,296.28640,1.28640,295.00000,-0.03958057,0,-0.03958057,0,0.000,waiting
2026-06-17T14:47:19,1899.171,1,295.00000,296.28680,1.28680,295.00000,-0.03958057,0,-0.03958057,0,0.000,waiting
2026-06-17T14:47:22,1901.703,1,295.00000,296.28680,1.28680,295.00000,-0.03958088,0,-0.03958088,0,0.000,waiting
2026-06-17T14:47:25,1904.234,1,295.00000,296.28640,1.28640,295.00000,-0.03958048,0,-0.03958048,0,0.000,waiting
2026-06-17T14:47:27,1906.765,1,295.00000,296.28860,1.28860,295.00000,-0.03958066,0,-0.03958066,0,0.000,waiting
2026-06-17T14:47:30,1909.296,1,295.00000,296.28770,1.28770,295.00000,-0.03958082,0,-0.03958082,0,0.000,waiting
2026-06-17T14:47:32,1911.828,1,295.00000,296.28900,1.28900,295.00000,-0.03958083,0,-0.03958083,0,0.000,waiting
2026-06-17T14:47:35,1914.359,1,295.00000,296.28820,1.28820,295.00000,-0.03958083,0,-0.03958083,0,0.000,waiting
2026-06-17T14:47:37,1916.875,1,295.00000,296.28950,1.28950,295.00000,-0.03958097,0,-0.03958097,0,0.000,waiting
2026-06-17T14:47:40,1919.421,1,295.00000,296.28900,1.28900,295.00000,-0.03958119,0,-0.03958119,0,0.000,waiting
2026-06-17T14:47:42,1922.046,1,295.00000,296.28900,1.28900,295.00000,-0.03958069,0,-0.03958069,0,0.000,waiting
2026-06-17T14:47:45,1924.656,1,295.00000,296.29040,1.29040,295.00000,-0.03958064,0,-0.03958064,0,0.000,waiting
2026-06-17T14:47:47,1927.171,1,295.00000,296.29040,1.29040,295.00000,-0.03958052,0,-0.03958052,0,0.000,waiting
2026-06-17T14:47:50,1929.703,1,295.00000,296.28950,1.28950,295.00000,-0.03958114,0,-0.03958114,0,0.000,waiting
2026-06-17T14:47:53,1932.234,1,295.00000,296.28950,1.28950,295.00000,-0.03958109,0,-0.03958109,0,0.000,waiting
2026-06-17T14:47:55,1934.765,1,295.00000,296.29040,1.29040,295.00000,-0.03958139,0,-0.03958139,0,0.000,waiting
2026-06-17T14:47:58,1937.296,1,295.00000,296.29080,1.29080,295.00000,-0.0395814,0,-0.0395814,0,0.000,waiting
2026-06-17T14:48:00,1939.828,1,295.00000,296.29170,1.29170,295.00000,-0.03958084,0,-0.03958084,0,0.000,waiting
2026-06-17T14:48:03,1942.359,1,295.00000,296.29170,1.29170,295.00000,-0.03958093,0,-0.03958093,0,0.000,waiting
2026-06-17T14:48:05,1944.890,1,295.00000,296.29260,1.29260,295.00000,-0.0395811,0,-0.0395811,0,0.000,waiting
2026-06-17T14:48:08,1947.421,1,295.00000,296.29210,1.29210,295.00000,-0.03958067,0,-0.03958067,0,0.000,waiting
2026-06-17T14:48:10,1949.953,1,295.00000,296.29210,1.29210,295.00000,-0.03958064,0,-0.03958064,0,0.000,waiting
2026-06-17T14:48:13,1952.484,1,295.00000,296.29300,1.29300,295.00000,-0.03958089,0,-0.03958089,0,0.000,waiting
2026-06-17T14:48:15,1955.015,1,295.00000,296.29350,1.29350,295.00000,-0.0395811,0,-0.0395811,0,0.000,waiting
2026-06-17T14:48:18,1957.546,1,295.00000,296.29350,1.29350,295.00000,-0.03958124,0,-0.03958124,0,0.000,waiting
2026-06-17T14:48:20,1960.078,1,295.00000,296.29430,1.29430,295.00000,-0.03958162,0,-0.03958162,0,0.000,waiting
2026-06-17T14:48:23,1962.609,1,295.00000,296.29480,1.29480,295.00000,-0.03958158,0,-0.03958158,0,0.000,waiting
2026-06-17T14:48:25,1965.140,1,295.00000,296.29430,1.29430,295.00000,-0.03958143,0,-0.03958143,0,0.000,waiting
2026-06-17T14:48:28,1967.671,1,295.00000,296.29520,1.29520,295.00000,-0.03958176,0,-0.03958176,0,0.000,waiting
2026-06-17T14:48:30,1970.203,1,295.00000,296.29610,1.29610,295.00000,-0.03958196,0,-0.03958196,0,0.000,waiting
2026-06-17T14:48:33,1972.734,1,295.00000,296.29610,1.29610,295.00000,-0.03958183,0,-0.03958183,0,0.000,waiting
2026-06-17T14:48:36,1975.250,1,295.00000,296.29610,1.29610,295.00000,-0.03958164,0,-0.03958164,0,0.000,waiting
2026-06-17T14:48:38,1977.781,1,295.00000,296.29610,1.29610,295.00000,-0.03958155,0,-0.03958155,0,0.000,waiting
2026-06-17T14:48:41,1980.312,1,295.00000,296.29650,1.29650,295.00000,-0.03958126,0,-0.03958126,0,0.000,waiting
2026-06-17T14:48:43,1982.859,1,295.00000,296.29740,1.29740,295.00000,-0.03958162,0,-0.03958162,0,0.000,waiting
2026-06-17T14:48:46,1985.390,1,295.00000,296.29790,1.29790,295.00000,-0.03958169,0,-0.03958169,0,0.000,waiting
2026-06-17T14:48:48,1987.906,1,295.00000,296.29830,1.29830,295.00000,-0.03958156,0,-0.03958156,0,0.000,waiting
2026-06-17T14:48:51,1990.453,1,295.00000,296.29740,1.29740,295.00000,-0.03958152,0,-0.03958152,0,0.000,waiting
2026-06-17T14:48:53,1992.984,1,295.00000,296.29960,1.29960,295.00000,-0.03958144,0,-0.03958144,0,0.000,waiting
2026-06-17T14:48:56,1995.531,1,295.00000,296.29920,1.29920,295.00000,-0.03958148,0,-0.03958148,0,0.000,waiting
2026-06-17T14:48:58,1998.062,1,295.00000,296.29960,1.29960,295.00000,-0.03958119,0,-0.03958119,0,0.000,waiting
2026-06-17T14:49:01,2000.578,1,295.00000,296.30140,1.30140,295.00000,-0.03958144,0,-0.03958144,0,0.000,waiting
2026-06-17T14:49:03,2003.125,1,295.00000,296.30050,1.30050,295.00000,-0.0395814,0,-0.0395814,0,0.000,waiting
2026-06-17T14:49:06,2005.656,1,295.00000,296.30090,1.30090,295.00000,-0.03958116,0,-0.03958116,0,0.000,waiting
2026-06-17T14:49:08,2008.187,1,295.00000,296.30230,1.30230,295.00000,-0.03958144,0,-0.03958144,0,0.000,waiting
2026-06-17T14:49:11,2010.718,1,295.00000,296.30180,1.30180,295.00000,-0.03958154,0,-0.03958154,0,0.000,waiting
2026-06-17T14:49:14,2013.250,1,295.00000,296.30180,1.30180,295.00000,-0.03958095,0,-0.03958095,0,0.000,waiting
2026-06-17T14:49:16,2015.781,1,295.00000,296.30180,1.30180,295.00000,-0.03958122,0,-0.03958122,0,0.000,waiting
2026-06-17T14:49:19,2018.312,1,295.00000,296.30320,1.30320,295.00000,-0.0395808,0,-0.0395808,0,0.000,waiting
2026-06-17T14:49:21,2020.843,1,295.00000,296.30360,1.30360,295.00000,-0.03958082,0,-0.03958082,0,0.000,waiting
2026-06-17T14:49:24,2023.437,1,295.00000,296.30360,1.30360,295.00000,-0.03958095,0,-0.03958095,0,0.000,waiting
2026-06-17T14:49:26,2025.968,1,295.00000,296.30360,1.30360,295.00000,-0.03958063,0,-0.03958063,0,0.000,waiting
2026-06-17T14:49:29,2028.546,1,295.00000,296.30490,1.30490,295.00000,-0.03958127,0,-0.03958127,0,0.000,waiting
2026-06-17T14:49:31,2031.078,1,295.00000,296.30540,1.30540,295.00000,-0.03958121,0,-0.03958121,0,0.000,waiting
2026-06-17T14:49:34,2033.609,1,295.00000,296.30540,1.30540,295.00000,-0.0395814,0,-0.0395814,0,0.000,waiting
2026-06-17T14:49:36,2036.140,1,295.00000,296.30580,1.30580,295.00000,-0.03958151,0,-0.03958151,0,0.000,waiting
2026-06-17T14:49:39,2038.671,1,295.00000,296.30620,1.30620,295.00000,-0.03958147,0,-0.03958147,0,0.000,waiting
2026-06-17T14:49:41,2041.203,1,295.00000,296.30710,1.30710,295.00000,-0.03958133,0,-0.03958133,0,0.000,waiting
2026-06-17T14:49:44,2043.734,1,295.00000,296.30750,1.30750,295.00000,-0.0395813,0,-0.0395813,0,0.000,waiting
2026-06-17T14:49:47,2046.281,1,295.00000,296.30750,1.30750,295.00000,-0.03958113,0,-0.03958113,0,0.000,waiting
2026-06-17T14:49:49,2048.796,1,295.00000,296.30750,1.30750,295.00000,-0.0395815,0,-0.0395815,0,0.000,waiting
2026-06-17T14:49:52,2051.328,1,295.00000,296.30750,1.30750,295.00000,-0.03958092,0,-0.03958092,0,0.000,waiting
2026-06-17T14:49:54,2053.859,1,295.00000,296.30710,1.30710,295.00000,-0.03958083,0,-0.03958083,0,0.000,waiting
2026-06-17T14:49:57,2056.390,1,295.00000,296.30890,1.30890,295.00000,-0.03958094,0,-0.03958094,0,0.000,waiting
2026-06-17T14:49:59,2058.968,1,295.00000,296.30840,1.30840,295.00000,-0.0395809,0,-0.0395809,0,0.000,waiting
2026-06-17T14:50:02,2061.500,1,295.00000,296.30890,1.30890,295.00000,-0.0395808,0,-0.0395808,0,0.000,waiting
2026-06-17T14:50:04,2064.078,1,295.00000,296.30930,1.30930,295.00000,-0.03958133,0,-0.03958133,0,0.000,waiting
2026-06-17T14:50:07,2066.609,1,295.00000,296.30980,1.30980,295.00000,-0.03958111,0,-0.03958111,0,0.000,waiting
2026-06-17T14:50:09,2069.140,1,295.00000,296.31060,1.31060,295.00000,-0.03958152,0,-0.03958152,0,0.000,waiting
2026-06-17T14:50:12,2071.671,1,295.00000,296.31200,1.31200,295.00000,-0.03958143,0,-0.03958143,0,0.000,waiting
2026-06-17T14:50:14,2074.203,1,295.00000,296.31200,1.31200,295.00000,-0.03958134,0,-0.03958134,0,0.000,waiting
2026-06-17T14:50:17,2076.734,1,295.00000,296.31330,1.31330,295.00000,-0.03958092,0,-0.03958092,0,0.000,waiting
2026-06-17T14:50:20,2079.265,1,295.00000,296.31370,1.31370,295.00000,-0.03958108,0,-0.03958108,0,0.000,waiting
2026-06-17T14:50:22,2081.796,1,295.00000,296.31330,1.31330,295.00000,-0.03958123,0,-0.03958123,0,0.000,waiting
2026-06-17T14:50:25,2084.328,1,295.00000,296.31280,1.31280,295.00000,-0.03958147,0,-0.03958147,0,0.000,waiting
2026-06-17T14:50:27,2086.859,1,295.00000,296.31510,1.31510,295.00000,-0.03958139,0,-0.03958139,0,0.000,waiting
2026-06-17T14:50:30,2089.390,1,295.00000,296.31420,1.31420,295.00000,-0.03958136,0,-0.03958136,0,0.000,waiting
2026-06-17T14:50:32,2091.921,1,295.00000,296.31420,1.31420,295.00000,-0.03958103,0,-0.03958103,0,0.000,waiting
2026-06-17T14:50:35,2094.453,1,295.00000,296.31510,1.31510,295.00000,-0.03958179,0,-0.03958179,0,0.000,waiting
2026-06-17T14:50:37,2096.984,1,295.00000,296.31590,1.31590,295.00000,-0.03958106,0,-0.03958106,0,0.000,waiting
2026-06-17T14:50:40,2099.515,1,295.00000,296.31590,1.31590,295.00000,-0.03958089,0,-0.03958089,0,0.000,waiting
2026-06-17T14:50:42,2102.046,1,295.00000,296.31770,1.31770,295.00000,-0.03958093,0,-0.03958093,0,0.000,waiting
2026-06-17T14:50:45,2104.578,1,295.00000,296.31680,1.31680,295.00000,-0.0395814,0,-0.0395814,0,0.000,waiting
2026-06-17T14:50:47,2107.109,1,295.00000,296.31680,1.31680,295.00000,-0.03958103,0,-0.03958103,0,0.000,waiting
2026-06-17T14:50:50,2109.640,1,295.00000,296.31810,1.31810,295.00000,-0.03958147,0,-0.03958147,0,0.000,waiting
2026-06-17T14:50:52,2112.171,1,295.00000,296.31900,1.31900,295.00000,-0.03958114,0,-0.03958114,0,0.000,waiting
2026-06-17T14:51:06,2125.875,1,295.00000,296.31860,1.31860,295.00000,-0.03958081,0,-0.03958081,0,0.000,waiting
